sample.id	forward.absolute.filepath	reverse.absolute.filepath
33	/uufs/chpc.utah.edu/common/home/kapheim-group2/Sief/Iguana16-21_research/data_for_analysis/2016-erin/2016_rawseqs/33_S237_L001_R1_001.fastq.gz	/uufs/chpc.utah.edu/common/home/kapheim-group2/Sief/Iguana16-21_research/data_for_analysis/2016-erin/2016_rawseqs/33_S237_L001_R2_001.fastq.gz
62	/uufs/chpc.utah.edu/common/home/kapheim-group2/Sief/Iguana16-21_research/data_for_analysis/2016-erin/2016_rawseqs/62_S238_L001_R1_001.fastq.gz	/uufs/chpc.utah.edu/common/home/kapheim-group2/Sief/Iguana16-21_research/data_for_analysis/2016-erin/2016_rawseqs/62_S238_L001_R2_001.fastq.gz
63	/uufs/chpc.utah.edu/common/home/kapheim-group2/Sief/Iguana16-21_research/data_for_analysis/2016-erin/2016_rawseqs/63_S239_L001_R1_001.fastq.gz	/uufs/chpc.utah.edu/common/home/kapheim-group2/Sief/Iguana16-21_research/data_for_analysis/2016-erin/2016_rawseqs/63_S239_L001_R2_001.fastq.gz
75	/uufs/chpc.utah.edu/common/home/kapheim-group2/Sief/Iguana16-21_research/data_for_analysis/2016-erin/2016_rawseqs/75_S240_L001_R1_001.fastq.gz	/uufs/chpc.utah.edu/common/home/kapheim-group2/Sief/Iguana16-21_research/data_for_analysis/2016-erin/2016_rawseqs/75_S240_L001_R2_001.fastq.gz
B1016	/uufs/chpc.utah.edu/common/home/kapheim-group2/Sief/Iguana16-21_research/data_for_analysis/2016-erin/2016_rawseqs/B1016_S243_L001_R1_001.fastq.gz	/uufs/chpc.utah.edu/common/home/kapheim-group2/Sief/Iguana16-21_research/data_for_analysis/2016-erin/2016_rawseqs/B1016_S243_L001_R2_001.fastq.gz
B1025	/uufs/chpc.utah.edu/common/home/kapheim-group2/Sief/Iguana16-21_research/data_for_analysis/2016-erin/2016_rawseqs/B1025_S242_L001_R1_001.fastq.gz	/uufs/chpc.utah.edu/common/home/kapheim-group2/Sief/Iguana16-21_research/data_for_analysis/2016-erin/2016_rawseqs/B1025_S242_L001_R2_001.fastq.gz
B1028	/uufs/chpc.utah.edu/common/home/kapheim-group2/Sief/Iguana16-21_research/data_for_analysis/2016-erin/2016_rawseqs/B1028_S244_L001_R1_001.fastq.gz	/uufs/chpc.utah.edu/common/home/kapheim-group2/Sief/Iguana16-21_research/data_for_analysis/2016-erin/2016_rawseqs/B1028_S244_L001_R2_001.fastq.gz
B1031	/uufs/chpc.utah.edu/common/home/kapheim-group2/Sief/Iguana16-21_research/data_for_analysis/2016-erin/2016_rawseqs/B1031_S245_L001_R1_001.fastq.gz	/uufs/chpc.utah.edu/common/home/kapheim-group2/Sief/Iguana16-21_research/data_for_analysis/2016-erin/2016_rawseqs/B1031_S245_L001_R2_001.fastq.gz
B111	/uufs/chpc.utah.edu/common/home/kapheim-group2/Sief/Iguana16-21_research/data_for_analysis/2016-erin/2016_rawseqs/B111_S252_L001_R1_001.fastq.gz	/uufs/chpc.utah.edu/common/home/kapheim-group2/Sief/Iguana16-21_research/data_for_analysis/2016-erin/2016_rawseqs/B111_S252_L001_R2_001.fastq.gz
B112	/uufs/chpc.utah.edu/common/home/kapheim-group2/Sief/Iguana16-21_research/data_for_analysis/2016-erin/2016_rawseqs/B112_S253_L001_R1_001.fastq.gz	/uufs/chpc.utah.edu/common/home/kapheim-group2/Sief/Iguana16-21_research/data_for_analysis/2016-erin/2016_rawseqs/B112_S253_L001_R2_001.fastq.gz
B1130A	/uufs/chpc.utah.edu/common/home/kapheim-group2/Sief/Iguana16-21_research/data_for_analysis/2016-erin/2016_rawseqs/B1130A_S246_L001_R1_001.fastq.gz	/uufs/chpc.utah.edu/common/home/kapheim-group2/Sief/Iguana16-21_research/data_for_analysis/2016-erin/2016_rawseqs/B1130A_S246_L001_R2_001.fastq.gz
B1130E	/uufs/chpc.utah.edu/common/home/kapheim-group2/Sief/Iguana16-21_research/data_for_analysis/2016-erin/2016_rawseqs/B1130E_S247_L001_R1_001.fastq.gz	/uufs/chpc.utah.edu/common/home/kapheim-group2/Sief/Iguana16-21_research/data_for_analysis/2016-erin/2016_rawseqs/B1130E_S247_L001_R2_001.fastq.gz
B113	/uufs/chpc.utah.edu/common/home/kapheim-group2/Sief/Iguana16-21_research/data_for_analysis/2016-erin/2016_rawseqs/B113_S254_L001_R1_001.fastq.gz	/uufs/chpc.utah.edu/common/home/kapheim-group2/Sief/Iguana16-21_research/data_for_analysis/2016-erin/2016_rawseqs/B113_S254_L001_R2_001.fastq.gz
B122	/uufs/chpc.utah.edu/common/home/kapheim-group2/Sief/Iguana16-21_research/data_for_analysis/2016-erin/2016_rawseqs/B122_S248_L001_R1_001.fastq.gz	/uufs/chpc.utah.edu/common/home/kapheim-group2/Sief/Iguana16-21_research/data_for_analysis/2016-erin/2016_rawseqs/B122_S248_L001_R2_001.fastq.gz
B125E	/uufs/chpc.utah.edu/common/home/kapheim-group2/Sief/Iguana16-21_research/data_for_analysis/2016-erin/2016_rawseqs/B125E_S249_L001_R1_001.fastq.gz	/uufs/chpc.utah.edu/common/home/kapheim-group2/Sief/Iguana16-21_research/data_for_analysis/2016-erin/2016_rawseqs/B125E_S249_L001_R2_001.fastq.gz
B125H	/uufs/chpc.utah.edu/common/home/kapheim-group2/Sief/Iguana16-21_research/data_for_analysis/2016-erin/2016_rawseqs/B125H_S250_L001_R1_001.fastq.gz	/uufs/chpc.utah.edu/common/home/kapheim-group2/Sief/Iguana16-21_research/data_for_analysis/2016-erin/2016_rawseqs/B125H_S250_L001_R2_001.fastq.gz
B127	/uufs/chpc.utah.edu/common/home/kapheim-group2/Sief/Iguana16-21_research/data_for_analysis/2016-erin/2016_rawseqs/B127_S251_L001_R1_001.fastq.gz	/uufs/chpc.utah.edu/common/home/kapheim-group2/Sief/Iguana16-21_research/data_for_analysis/2016-erin/2016_rawseqs/B127_S251_L001_R2_001.fastq.gz
C100	/uufs/chpc.utah.edu/common/home/kapheim-group2/Sief/Iguana16-21_research/data_for_analysis/2016-erin/2016_rawseqs/C100_S36_L001_R1_001.fastq.gz	/uufs/chpc.utah.edu/common/home/kapheim-group2/Sief/Iguana16-21_research/data_for_analysis/2016-erin/2016_rawseqs/C100_S36_L001_R2_001.fastq.gz
C101	/uufs/chpc.utah.edu/common/home/kapheim-group2/Sief/Iguana16-21_research/data_for_analysis/2016-erin/2016_rawseqs/C101_S37_L001_R1_001.fastq.gz	/uufs/chpc.utah.edu/common/home/kapheim-group2/Sief/Iguana16-21_research/data_for_analysis/2016-erin/2016_rawseqs/C101_S37_L001_R2_001.fastq.gz
C102	/uufs/chpc.utah.edu/common/home/kapheim-group2/Sief/Iguana16-21_research/data_for_analysis/2016-erin/2016_rawseqs/C102_S38_L001_R1_001.fastq.gz	/uufs/chpc.utah.edu/common/home/kapheim-group2/Sief/Iguana16-21_research/data_for_analysis/2016-erin/2016_rawseqs/C102_S38_L001_R2_001.fastq.gz
C104	/uufs/chpc.utah.edu/common/home/kapheim-group2/Sief/Iguana16-21_research/data_for_analysis/2016-erin/2016_rawseqs/C104_S39_L001_R1_001.fastq.gz	/uufs/chpc.utah.edu/common/home/kapheim-group2/Sief/Iguana16-21_research/data_for_analysis/2016-erin/2016_rawseqs/C104_S39_L001_R2_001.fastq.gz
C105	/uufs/chpc.utah.edu/common/home/kapheim-group2/Sief/Iguana16-21_research/data_for_analysis/2016-erin/2016_rawseqs/C105_S40_L001_R1_001.fastq.gz	/uufs/chpc.utah.edu/common/home/kapheim-group2/Sief/Iguana16-21_research/data_for_analysis/2016-erin/2016_rawseqs/C105_S40_L001_R2_001.fastq.gz
C107	/uufs/chpc.utah.edu/common/home/kapheim-group2/Sief/Iguana16-21_research/data_for_analysis/2016-erin/2016_rawseqs/C107_S41_L001_R1_001.fastq.gz	/uufs/chpc.utah.edu/common/home/kapheim-group2/Sief/Iguana16-21_research/data_for_analysis/2016-erin/2016_rawseqs/C107_S41_L001_R2_001.fastq.gz
C109	/uufs/chpc.utah.edu/common/home/kapheim-group2/Sief/Iguana16-21_research/data_for_analysis/2016-erin/2016_rawseqs/C109_S42_L001_R1_001.fastq.gz	/uufs/chpc.utah.edu/common/home/kapheim-group2/Sief/Iguana16-21_research/data_for_analysis/2016-erin/2016_rawseqs/C109_S42_L001_R2_001.fastq.gz
C110	/uufs/chpc.utah.edu/common/home/kapheim-group2/Sief/Iguana16-21_research/data_for_analysis/2016-erin/2016_rawseqs/C110_S43_L001_R1_001.fastq.gz	/uufs/chpc.utah.edu/common/home/kapheim-group2/Sief/Iguana16-21_research/data_for_analysis/2016-erin/2016_rawseqs/C110_S43_L001_R2_001.fastq.gz
C112	/uufs/chpc.utah.edu/common/home/kapheim-group2/Sief/Iguana16-21_research/data_for_analysis/2016-erin/2016_rawseqs/C112_S44_L001_R1_001.fastq.gz	/uufs/chpc.utah.edu/common/home/kapheim-group2/Sief/Iguana16-21_research/data_for_analysis/2016-erin/2016_rawseqs/C112_S44_L001_R2_001.fastq.gz
C113	/uufs/chpc.utah.edu/common/home/kapheim-group2/Sief/Iguana16-21_research/data_for_analysis/2016-erin/2016_rawseqs/C113_S45_L001_R1_001.fastq.gz	/uufs/chpc.utah.edu/common/home/kapheim-group2/Sief/Iguana16-21_research/data_for_analysis/2016-erin/2016_rawseqs/C113_S45_L001_R2_001.fastq.gz
C114	/uufs/chpc.utah.edu/common/home/kapheim-group2/Sief/Iguana16-21_research/data_for_analysis/2016-erin/2016_rawseqs/C114_S46_L001_R1_001.fastq.gz	/uufs/chpc.utah.edu/common/home/kapheim-group2/Sief/Iguana16-21_research/data_for_analysis/2016-erin/2016_rawseqs/C114_S46_L001_R2_001.fastq.gz
C115	/uufs/chpc.utah.edu/common/home/kapheim-group2/Sief/Iguana16-21_research/data_for_analysis/2016-erin/2016_rawseqs/C115_S47_L001_R1_001.fastq.gz	/uufs/chpc.utah.edu/common/home/kapheim-group2/Sief/Iguana16-21_research/data_for_analysis/2016-erin/2016_rawseqs/C115_S47_L001_R2_001.fastq.gz
C117	/uufs/chpc.utah.edu/common/home/kapheim-group2/Sief/Iguana16-21_research/data_for_analysis/2016-erin/2016_rawseqs/C117_S155_L001_R1_001.fastq.gz	/uufs/chpc.utah.edu/common/home/kapheim-group2/Sief/Iguana16-21_research/data_for_analysis/2016-erin/2016_rawseqs/C117_S155_L001_R2_001.fastq.gz
C119	/uufs/chpc.utah.edu/common/home/kapheim-group2/Sief/Iguana16-21_research/data_for_analysis/2016-erin/2016_rawseqs/C119_S156_L001_R1_001.fastq.gz	/uufs/chpc.utah.edu/common/home/kapheim-group2/Sief/Iguana16-21_research/data_for_analysis/2016-erin/2016_rawseqs/C119_S156_L001_R2_001.fastq.gz
C11	/uufs/chpc.utah.edu/common/home/kapheim-group2/Sief/Iguana16-21_research/data_for_analysis/2016-erin/2016_rawseqs/C11_S228_L001_R1_001.fastq.gz	/uufs/chpc.utah.edu/common/home/kapheim-group2/Sief/Iguana16-21_research/data_for_analysis/2016-erin/2016_rawseqs/C11_S228_L001_R2_001.fastq.gz
C120	/uufs/chpc.utah.edu/common/home/kapheim-group2/Sief/Iguana16-21_research/data_for_analysis/2016-erin/2016_rawseqs/C120_S157_L001_R1_001.fastq.gz	/uufs/chpc.utah.edu/common/home/kapheim-group2/Sief/Iguana16-21_research/data_for_analysis/2016-erin/2016_rawseqs/C120_S157_L001_R2_001.fastq.gz
C121	/uufs/chpc.utah.edu/common/home/kapheim-group2/Sief/Iguana16-21_research/data_for_analysis/2016-erin/2016_rawseqs/C121_S158_L001_R1_001.fastq.gz	/uufs/chpc.utah.edu/common/home/kapheim-group2/Sief/Iguana16-21_research/data_for_analysis/2016-erin/2016_rawseqs/C121_S158_L001_R2_001.fastq.gz
C122	/uufs/chpc.utah.edu/common/home/kapheim-group2/Sief/Iguana16-21_research/data_for_analysis/2016-erin/2016_rawseqs/C122_S159_L001_R1_001.fastq.gz	/uufs/chpc.utah.edu/common/home/kapheim-group2/Sief/Iguana16-21_research/data_for_analysis/2016-erin/2016_rawseqs/C122_S159_L001_R2_001.fastq.gz
C123	/uufs/chpc.utah.edu/common/home/kapheim-group2/Sief/Iguana16-21_research/data_for_analysis/2016-erin/2016_rawseqs/C123_S160_L001_R1_001.fastq.gz	/uufs/chpc.utah.edu/common/home/kapheim-group2/Sief/Iguana16-21_research/data_for_analysis/2016-erin/2016_rawseqs/C123_S160_L001_R2_001.fastq.gz
C124	/uufs/chpc.utah.edu/common/home/kapheim-group2/Sief/Iguana16-21_research/data_for_analysis/2016-erin/2016_rawseqs/C124_S161_L001_R1_001.fastq.gz	/uufs/chpc.utah.edu/common/home/kapheim-group2/Sief/Iguana16-21_research/data_for_analysis/2016-erin/2016_rawseqs/C124_S161_L001_R2_001.fastq.gz
C12	/uufs/chpc.utah.edu/common/home/kapheim-group2/Sief/Iguana16-21_research/data_for_analysis/2016-erin/2016_rawseqs/C12_S229_L001_R1_001.fastq.gz	/uufs/chpc.utah.edu/common/home/kapheim-group2/Sief/Iguana16-21_research/data_for_analysis/2016-erin/2016_rawseqs/C12_S229_L001_R2_001.fastq.gz
C13	/uufs/chpc.utah.edu/common/home/kapheim-group2/Sief/Iguana16-21_research/data_for_analysis/2016-erin/2016_rawseqs/C13_S230_L001_R1_001.fastq.gz	/uufs/chpc.utah.edu/common/home/kapheim-group2/Sief/Iguana16-21_research/data_for_analysis/2016-erin/2016_rawseqs/C13_S230_L001_R2_001.fastq.gz
C142	/uufs/chpc.utah.edu/common/home/kapheim-group2/Sief/Iguana16-21_research/data_for_analysis/2016-erin/2016_rawseqs/C142_S203_L001_R1_001.fastq.gz	/uufs/chpc.utah.edu/common/home/kapheim-group2/Sief/Iguana16-21_research/data_for_analysis/2016-erin/2016_rawseqs/C142_S203_L001_R2_001.fastq.gz
C143	/uufs/chpc.utah.edu/common/home/kapheim-group2/Sief/Iguana16-21_research/data_for_analysis/2016-erin/2016_rawseqs/C143_S204_L001_R1_001.fastq.gz	/uufs/chpc.utah.edu/common/home/kapheim-group2/Sief/Iguana16-21_research/data_for_analysis/2016-erin/2016_rawseqs/C143_S204_L001_R2_001.fastq.gz
C144	/uufs/chpc.utah.edu/common/home/kapheim-group2/Sief/Iguana16-21_research/data_for_analysis/2016-erin/2016_rawseqs/C144_S205_L001_R1_001.fastq.gz	/uufs/chpc.utah.edu/common/home/kapheim-group2/Sief/Iguana16-21_research/data_for_analysis/2016-erin/2016_rawseqs/C144_S205_L001_R2_001.fastq.gz
C145	/uufs/chpc.utah.edu/common/home/kapheim-group2/Sief/Iguana16-21_research/data_for_analysis/2016-erin/2016_rawseqs/C145_S206_L001_R1_001.fastq.gz	/uufs/chpc.utah.edu/common/home/kapheim-group2/Sief/Iguana16-21_research/data_for_analysis/2016-erin/2016_rawseqs/C145_S206_L001_R2_001.fastq.gz
C147	/uufs/chpc.utah.edu/common/home/kapheim-group2/Sief/Iguana16-21_research/data_for_analysis/2016-erin/2016_rawseqs/C147_S207_L001_R1_001.fastq.gz	/uufs/chpc.utah.edu/common/home/kapheim-group2/Sief/Iguana16-21_research/data_for_analysis/2016-erin/2016_rawseqs/C147_S207_L001_R2_001.fastq.gz
C148	/uufs/chpc.utah.edu/common/home/kapheim-group2/Sief/Iguana16-21_research/data_for_analysis/2016-erin/2016_rawseqs/C148_S208_L001_R1_001.fastq.gz	/uufs/chpc.utah.edu/common/home/kapheim-group2/Sief/Iguana16-21_research/data_for_analysis/2016-erin/2016_rawseqs/C148_S208_L001_R2_001.fastq.gz
C149	/uufs/chpc.utah.edu/common/home/kapheim-group2/Sief/Iguana16-21_research/data_for_analysis/2016-erin/2016_rawseqs/C149_S209_L001_R1_001.fastq.gz	/uufs/chpc.utah.edu/common/home/kapheim-group2/Sief/Iguana16-21_research/data_for_analysis/2016-erin/2016_rawseqs/C149_S209_L001_R2_001.fastq.gz
C150	/uufs/chpc.utah.edu/common/home/kapheim-group2/Sief/Iguana16-21_research/data_for_analysis/2016-erin/2016_rawseqs/C150_S210_L001_R1_001.fastq.gz	/uufs/chpc.utah.edu/common/home/kapheim-group2/Sief/Iguana16-21_research/data_for_analysis/2016-erin/2016_rawseqs/C150_S210_L001_R2_001.fastq.gz
C151	/uufs/chpc.utah.edu/common/home/kapheim-group2/Sief/Iguana16-21_research/data_for_analysis/2016-erin/2016_rawseqs/C151_S211_L001_R1_001.fastq.gz	/uufs/chpc.utah.edu/common/home/kapheim-group2/Sief/Iguana16-21_research/data_for_analysis/2016-erin/2016_rawseqs/C151_S211_L001_R2_001.fastq.gz
C152	/uufs/chpc.utah.edu/common/home/kapheim-group2/Sief/Iguana16-21_research/data_for_analysis/2016-erin/2016_rawseqs/C152_S212_L001_R1_001.fastq.gz	/uufs/chpc.utah.edu/common/home/kapheim-group2/Sief/Iguana16-21_research/data_for_analysis/2016-erin/2016_rawseqs/C152_S212_L001_R2_001.fastq.gz
C153	/uufs/chpc.utah.edu/common/home/kapheim-group2/Sief/Iguana16-21_research/data_for_analysis/2016-erin/2016_rawseqs/C153_S213_L001_R1_001.fastq.gz	/uufs/chpc.utah.edu/common/home/kapheim-group2/Sief/Iguana16-21_research/data_for_analysis/2016-erin/2016_rawseqs/C153_S213_L001_R2_001.fastq.gz
C154	/uufs/chpc.utah.edu/common/home/kapheim-group2/Sief/Iguana16-21_research/data_for_analysis/2016-erin/2016_rawseqs/C154_S214_L001_R1_001.fastq.gz	/uufs/chpc.utah.edu/common/home/kapheim-group2/Sief/Iguana16-21_research/data_for_analysis/2016-erin/2016_rawseqs/C154_S214_L001_R2_001.fastq.gz
C155	/uufs/chpc.utah.edu/common/home/kapheim-group2/Sief/Iguana16-21_research/data_for_analysis/2016-erin/2016_rawseqs/C155_S215_L001_R1_001.fastq.gz	/uufs/chpc.utah.edu/common/home/kapheim-group2/Sief/Iguana16-21_research/data_for_analysis/2016-erin/2016_rawseqs/C155_S215_L001_R2_001.fastq.gz
C156	/uufs/chpc.utah.edu/common/home/kapheim-group2/Sief/Iguana16-21_research/data_for_analysis/2016-erin/2016_rawseqs/C156_S216_L001_R1_001.fastq.gz	/uufs/chpc.utah.edu/common/home/kapheim-group2/Sief/Iguana16-21_research/data_for_analysis/2016-erin/2016_rawseqs/C156_S216_L001_R2_001.fastq.gz
C157	/uufs/chpc.utah.edu/common/home/kapheim-group2/Sief/Iguana16-21_research/data_for_analysis/2016-erin/2016_rawseqs/C157_S217_L001_R1_001.fastq.gz	/uufs/chpc.utah.edu/common/home/kapheim-group2/Sief/Iguana16-21_research/data_for_analysis/2016-erin/2016_rawseqs/C157_S217_L001_R2_001.fastq.gz
C158	/uufs/chpc.utah.edu/common/home/kapheim-group2/Sief/Iguana16-21_research/data_for_analysis/2016-erin/2016_rawseqs/C158_S218_L001_R1_001.fastq.gz	/uufs/chpc.utah.edu/common/home/kapheim-group2/Sief/Iguana16-21_research/data_for_analysis/2016-erin/2016_rawseqs/C158_S218_L001_R2_001.fastq.gz
C160	/uufs/chpc.utah.edu/common/home/kapheim-group2/Sief/Iguana16-21_research/data_for_analysis/2016-erin/2016_rawseqs/C160_S219_L001_R1_001.fastq.gz	/uufs/chpc.utah.edu/common/home/kapheim-group2/Sief/Iguana16-21_research/data_for_analysis/2016-erin/2016_rawseqs/C160_S219_L001_R2_001.fastq.gz
C161	/uufs/chpc.utah.edu/common/home/kapheim-group2/Sief/Iguana16-21_research/data_for_analysis/2016-erin/2016_rawseqs/C161_S220_L001_R1_001.fastq.gz	/uufs/chpc.utah.edu/common/home/kapheim-group2/Sief/Iguana16-21_research/data_for_analysis/2016-erin/2016_rawseqs/C161_S220_L001_R2_001.fastq.gz
C162	/uufs/chpc.utah.edu/common/home/kapheim-group2/Sief/Iguana16-21_research/data_for_analysis/2016-erin/2016_rawseqs/C162_S221_L001_R1_001.fastq.gz	/uufs/chpc.utah.edu/common/home/kapheim-group2/Sief/Iguana16-21_research/data_for_analysis/2016-erin/2016_rawseqs/C162_S221_L001_R2_001.fastq.gz
C163	/uufs/chpc.utah.edu/common/home/kapheim-group2/Sief/Iguana16-21_research/data_for_analysis/2016-erin/2016_rawseqs/C163_S222_L001_R1_001.fastq.gz	/uufs/chpc.utah.edu/common/home/kapheim-group2/Sief/Iguana16-21_research/data_for_analysis/2016-erin/2016_rawseqs/C163_S222_L001_R2_001.fastq.gz
C165	/uufs/chpc.utah.edu/common/home/kapheim-group2/Sief/Iguana16-21_research/data_for_analysis/2016-erin/2016_rawseqs/C165_S223_L001_R1_001.fastq.gz	/uufs/chpc.utah.edu/common/home/kapheim-group2/Sief/Iguana16-21_research/data_for_analysis/2016-erin/2016_rawseqs/C165_S223_L001_R2_001.fastq.gz
C166	/uufs/chpc.utah.edu/common/home/kapheim-group2/Sief/Iguana16-21_research/data_for_analysis/2016-erin/2016_rawseqs/C166_S224_L001_R1_001.fastq.gz	/uufs/chpc.utah.edu/common/home/kapheim-group2/Sief/Iguana16-21_research/data_for_analysis/2016-erin/2016_rawseqs/C166_S224_L001_R2_001.fastq.gz
C167	/uufs/chpc.utah.edu/common/home/kapheim-group2/Sief/Iguana16-21_research/data_for_analysis/2016-erin/2016_rawseqs/C167_S225_L001_R1_001.fastq.gz	/uufs/chpc.utah.edu/common/home/kapheim-group2/Sief/Iguana16-21_research/data_for_analysis/2016-erin/2016_rawseqs/C167_S225_L001_R2_001.fastq.gz
C168	/uufs/chpc.utah.edu/common/home/kapheim-group2/Sief/Iguana16-21_research/data_for_analysis/2016-erin/2016_rawseqs/C168_S226_L001_R1_001.fastq.gz	/uufs/chpc.utah.edu/common/home/kapheim-group2/Sief/Iguana16-21_research/data_for_analysis/2016-erin/2016_rawseqs/C168_S226_L001_R2_001.fastq.gz
C169	/uufs/chpc.utah.edu/common/home/kapheim-group2/Sief/Iguana16-21_research/data_for_analysis/2016-erin/2016_rawseqs/C169_S227_L001_R1_001.fastq.gz	/uufs/chpc.utah.edu/common/home/kapheim-group2/Sief/Iguana16-21_research/data_for_analysis/2016-erin/2016_rawseqs/C169_S227_L001_R2_001.fastq.gz
C170	/uufs/chpc.utah.edu/common/home/kapheim-group2/Sief/Iguana16-21_research/data_for_analysis/2016-erin/2016_rawseqs/C170_S48_L001_R1_001.fastq.gz	/uufs/chpc.utah.edu/common/home/kapheim-group2/Sief/Iguana16-21_research/data_for_analysis/2016-erin/2016_rawseqs/C170_S48_L001_R2_001.fastq.gz
C171	/uufs/chpc.utah.edu/common/home/kapheim-group2/Sief/Iguana16-21_research/data_for_analysis/2016-erin/2016_rawseqs/C171_S49_L001_R1_001.fastq.gz	/uufs/chpc.utah.edu/common/home/kapheim-group2/Sief/Iguana16-21_research/data_for_analysis/2016-erin/2016_rawseqs/C171_S49_L001_R2_001.fastq.gz
C172	/uufs/chpc.utah.edu/common/home/kapheim-group2/Sief/Iguana16-21_research/data_for_analysis/2016-erin/2016_rawseqs/C172_S50_L001_R1_001.fastq.gz	/uufs/chpc.utah.edu/common/home/kapheim-group2/Sief/Iguana16-21_research/data_for_analysis/2016-erin/2016_rawseqs/C172_S50_L001_R2_001.fastq.gz
C173	/uufs/chpc.utah.edu/common/home/kapheim-group2/Sief/Iguana16-21_research/data_for_analysis/2016-erin/2016_rawseqs/C173_S51_L001_R1_001.fastq.gz	/uufs/chpc.utah.edu/common/home/kapheim-group2/Sief/Iguana16-21_research/data_for_analysis/2016-erin/2016_rawseqs/C173_S51_L001_R2_001.fastq.gz
C174	/uufs/chpc.utah.edu/common/home/kapheim-group2/Sief/Iguana16-21_research/data_for_analysis/2016-erin/2016_rawseqs/C174_S52_L001_R1_001.fastq.gz	/uufs/chpc.utah.edu/common/home/kapheim-group2/Sief/Iguana16-21_research/data_for_analysis/2016-erin/2016_rawseqs/C174_S52_L001_R2_001.fastq.gz
C175	/uufs/chpc.utah.edu/common/home/kapheim-group2/Sief/Iguana16-21_research/data_for_analysis/2016-erin/2016_rawseqs/C175_S53_L001_R1_001.fastq.gz	/uufs/chpc.utah.edu/common/home/kapheim-group2/Sief/Iguana16-21_research/data_for_analysis/2016-erin/2016_rawseqs/C175_S53_L001_R2_001.fastq.gz
C176	/uufs/chpc.utah.edu/common/home/kapheim-group2/Sief/Iguana16-21_research/data_for_analysis/2016-erin/2016_rawseqs/C176_S54_L001_R1_001.fastq.gz	/uufs/chpc.utah.edu/common/home/kapheim-group2/Sief/Iguana16-21_research/data_for_analysis/2016-erin/2016_rawseqs/C176_S54_L001_R2_001.fastq.gz
C178	/uufs/chpc.utah.edu/common/home/kapheim-group2/Sief/Iguana16-21_research/data_for_analysis/2016-erin/2016_rawseqs/C178_S55_L001_R1_001.fastq.gz	/uufs/chpc.utah.edu/common/home/kapheim-group2/Sief/Iguana16-21_research/data_for_analysis/2016-erin/2016_rawseqs/C178_S55_L001_R2_001.fastq.gz
C179	/uufs/chpc.utah.edu/common/home/kapheim-group2/Sief/Iguana16-21_research/data_for_analysis/2016-erin/2016_rawseqs/C179_S56_L001_R1_001.fastq.gz	/uufs/chpc.utah.edu/common/home/kapheim-group2/Sief/Iguana16-21_research/data_for_analysis/2016-erin/2016_rawseqs/C179_S56_L001_R2_001.fastq.gz
C180	/uufs/chpc.utah.edu/common/home/kapheim-group2/Sief/Iguana16-21_research/data_for_analysis/2016-erin/2016_rawseqs/C180_S76_L001_R1_001.fastq.gz	/uufs/chpc.utah.edu/common/home/kapheim-group2/Sief/Iguana16-21_research/data_for_analysis/2016-erin/2016_rawseqs/C180_S76_L001_R2_001.fastq.gz
C181	/uufs/chpc.utah.edu/common/home/kapheim-group2/Sief/Iguana16-21_research/data_for_analysis/2016-erin/2016_rawseqs/C181_S77_L001_R1_001.fastq.gz	/uufs/chpc.utah.edu/common/home/kapheim-group2/Sief/Iguana16-21_research/data_for_analysis/2016-erin/2016_rawseqs/C181_S77_L001_R2_001.fastq.gz
C182	/uufs/chpc.utah.edu/common/home/kapheim-group2/Sief/Iguana16-21_research/data_for_analysis/2016-erin/2016_rawseqs/C182_S78_L001_R1_001.fastq.gz	/uufs/chpc.utah.edu/common/home/kapheim-group2/Sief/Iguana16-21_research/data_for_analysis/2016-erin/2016_rawseqs/C182_S78_L001_R2_001.fastq.gz
C183	/uufs/chpc.utah.edu/common/home/kapheim-group2/Sief/Iguana16-21_research/data_for_analysis/2016-erin/2016_rawseqs/C183_S79_L001_R1_001.fastq.gz	/uufs/chpc.utah.edu/common/home/kapheim-group2/Sief/Iguana16-21_research/data_for_analysis/2016-erin/2016_rawseqs/C183_S79_L001_R2_001.fastq.gz
C184	/uufs/chpc.utah.edu/common/home/kapheim-group2/Sief/Iguana16-21_research/data_for_analysis/2016-erin/2016_rawseqs/C184_S80_L001_R1_001.fastq.gz	/uufs/chpc.utah.edu/common/home/kapheim-group2/Sief/Iguana16-21_research/data_for_analysis/2016-erin/2016_rawseqs/C184_S80_L001_R2_001.fastq.gz
C185	/uufs/chpc.utah.edu/common/home/kapheim-group2/Sief/Iguana16-21_research/data_for_analysis/2016-erin/2016_rawseqs/C185_S81_L001_R1_001.fastq.gz	/uufs/chpc.utah.edu/common/home/kapheim-group2/Sief/Iguana16-21_research/data_for_analysis/2016-erin/2016_rawseqs/C185_S81_L001_R2_001.fastq.gz
C186	/uufs/chpc.utah.edu/common/home/kapheim-group2/Sief/Iguana16-21_research/data_for_analysis/2016-erin/2016_rawseqs/C186_S82_L001_R1_001.fastq.gz	/uufs/chpc.utah.edu/common/home/kapheim-group2/Sief/Iguana16-21_research/data_for_analysis/2016-erin/2016_rawseqs/C186_S82_L001_R2_001.fastq.gz
C187	/uufs/chpc.utah.edu/common/home/kapheim-group2/Sief/Iguana16-21_research/data_for_analysis/2016-erin/2016_rawseqs/C187_S83_L001_R1_001.fastq.gz	/uufs/chpc.utah.edu/common/home/kapheim-group2/Sief/Iguana16-21_research/data_for_analysis/2016-erin/2016_rawseqs/C187_S83_L001_R2_001.fastq.gz
C188	/uufs/chpc.utah.edu/common/home/kapheim-group2/Sief/Iguana16-21_research/data_for_analysis/2016-erin/2016_rawseqs/C188_S84_L001_R1_001.fastq.gz	/uufs/chpc.utah.edu/common/home/kapheim-group2/Sief/Iguana16-21_research/data_for_analysis/2016-erin/2016_rawseqs/C188_S84_L001_R2_001.fastq.gz
C189	/uufs/chpc.utah.edu/common/home/kapheim-group2/Sief/Iguana16-21_research/data_for_analysis/2016-erin/2016_rawseqs/C189_S85_L001_R1_001.fastq.gz	/uufs/chpc.utah.edu/common/home/kapheim-group2/Sief/Iguana16-21_research/data_for_analysis/2016-erin/2016_rawseqs/C189_S85_L001_R2_001.fastq.gz
C18	/uufs/chpc.utah.edu/common/home/kapheim-group2/Sief/Iguana16-21_research/data_for_analysis/2016-erin/2016_rawseqs/C18_S181_L001_R1_001.fastq.gz	/uufs/chpc.utah.edu/common/home/kapheim-group2/Sief/Iguana16-21_research/data_for_analysis/2016-erin/2016_rawseqs/C18_S181_L001_R2_001.fastq.gz
C190	/uufs/chpc.utah.edu/common/home/kapheim-group2/Sief/Iguana16-21_research/data_for_analysis/2016-erin/2016_rawseqs/C190_S86_L001_R1_001.fastq.gz	/uufs/chpc.utah.edu/common/home/kapheim-group2/Sief/Iguana16-21_research/data_for_analysis/2016-erin/2016_rawseqs/C190_S86_L001_R2_001.fastq.gz
C191	/uufs/chpc.utah.edu/common/home/kapheim-group2/Sief/Iguana16-21_research/data_for_analysis/2016-erin/2016_rawseqs/C191_S87_L001_R1_001.fastq.gz	/uufs/chpc.utah.edu/common/home/kapheim-group2/Sief/Iguana16-21_research/data_for_analysis/2016-erin/2016_rawseqs/C191_S87_L001_R2_001.fastq.gz
C192	/uufs/chpc.utah.edu/common/home/kapheim-group2/Sief/Iguana16-21_research/data_for_analysis/2016-erin/2016_rawseqs/C192_S88_L001_R1_001.fastq.gz	/uufs/chpc.utah.edu/common/home/kapheim-group2/Sief/Iguana16-21_research/data_for_analysis/2016-erin/2016_rawseqs/C192_S88_L001_R2_001.fastq.gz
C193	/uufs/chpc.utah.edu/common/home/kapheim-group2/Sief/Iguana16-21_research/data_for_analysis/2016-erin/2016_rawseqs/C193_S89_L001_R1_001.fastq.gz	/uufs/chpc.utah.edu/common/home/kapheim-group2/Sief/Iguana16-21_research/data_for_analysis/2016-erin/2016_rawseqs/C193_S89_L001_R2_001.fastq.gz
C194	/uufs/chpc.utah.edu/common/home/kapheim-group2/Sief/Iguana16-21_research/data_for_analysis/2016-erin/2016_rawseqs/C194_S90_L001_R1_001.fastq.gz	/uufs/chpc.utah.edu/common/home/kapheim-group2/Sief/Iguana16-21_research/data_for_analysis/2016-erin/2016_rawseqs/C194_S90_L001_R2_001.fastq.gz
C195	/uufs/chpc.utah.edu/common/home/kapheim-group2/Sief/Iguana16-21_research/data_for_analysis/2016-erin/2016_rawseqs/C195_S91_L001_R1_001.fastq.gz	/uufs/chpc.utah.edu/common/home/kapheim-group2/Sief/Iguana16-21_research/data_for_analysis/2016-erin/2016_rawseqs/C195_S91_L001_R2_001.fastq.gz
C196	/uufs/chpc.utah.edu/common/home/kapheim-group2/Sief/Iguana16-21_research/data_for_analysis/2016-erin/2016_rawseqs/C196_S92_L001_R1_001.fastq.gz	/uufs/chpc.utah.edu/common/home/kapheim-group2/Sief/Iguana16-21_research/data_for_analysis/2016-erin/2016_rawseqs/C196_S92_L001_R2_001.fastq.gz
C197	/uufs/chpc.utah.edu/common/home/kapheim-group2/Sief/Iguana16-21_research/data_for_analysis/2016-erin/2016_rawseqs/C197_S94_L001_R1_001.fastq.gz	/uufs/chpc.utah.edu/common/home/kapheim-group2/Sief/Iguana16-21_research/data_for_analysis/2016-erin/2016_rawseqs/C197_S94_L001_R2_001.fastq.gz
C198	/uufs/chpc.utah.edu/common/home/kapheim-group2/Sief/Iguana16-21_research/data_for_analysis/2016-erin/2016_rawseqs/C198_S95_L001_R1_001.fastq.gz	/uufs/chpc.utah.edu/common/home/kapheim-group2/Sief/Iguana16-21_research/data_for_analysis/2016-erin/2016_rawseqs/C198_S95_L001_R2_001.fastq.gz
C199	/uufs/chpc.utah.edu/common/home/kapheim-group2/Sief/Iguana16-21_research/data_for_analysis/2016-erin/2016_rawseqs/C199_S96_L001_R1_001.fastq.gz	/uufs/chpc.utah.edu/common/home/kapheim-group2/Sief/Iguana16-21_research/data_for_analysis/2016-erin/2016_rawseqs/C199_S96_L001_R2_001.fastq.gz
C19	/uufs/chpc.utah.edu/common/home/kapheim-group2/Sief/Iguana16-21_research/data_for_analysis/2016-erin/2016_rawseqs/C19_S182_L001_R1_001.fastq.gz	/uufs/chpc.utah.edu/common/home/kapheim-group2/Sief/Iguana16-21_research/data_for_analysis/2016-erin/2016_rawseqs/C19_S182_L001_R2_001.fastq.gz
C200	/uufs/chpc.utah.edu/common/home/kapheim-group2/Sief/Iguana16-21_research/data_for_analysis/2016-erin/2016_rawseqs/C200_S97_L001_R1_001.fastq.gz	/uufs/chpc.utah.edu/common/home/kapheim-group2/Sief/Iguana16-21_research/data_for_analysis/2016-erin/2016_rawseqs/C200_S97_L001_R2_001.fastq.gz
C201	/uufs/chpc.utah.edu/common/home/kapheim-group2/Sief/Iguana16-21_research/data_for_analysis/2016-erin/2016_rawseqs/C201_S98_L001_R1_001.fastq.gz	/uufs/chpc.utah.edu/common/home/kapheim-group2/Sief/Iguana16-21_research/data_for_analysis/2016-erin/2016_rawseqs/C201_S98_L001_R2_001.fastq.gz
C202	/uufs/chpc.utah.edu/common/home/kapheim-group2/Sief/Iguana16-21_research/data_for_analysis/2016-erin/2016_rawseqs/C202_S99_L001_R1_001.fastq.gz	/uufs/chpc.utah.edu/common/home/kapheim-group2/Sief/Iguana16-21_research/data_for_analysis/2016-erin/2016_rawseqs/C202_S99_L001_R2_001.fastq.gz
C203	/uufs/chpc.utah.edu/common/home/kapheim-group2/Sief/Iguana16-21_research/data_for_analysis/2016-erin/2016_rawseqs/C203_S100_L001_R1_001.fastq.gz	/uufs/chpc.utah.edu/common/home/kapheim-group2/Sief/Iguana16-21_research/data_for_analysis/2016-erin/2016_rawseqs/C203_S100_L001_R2_001.fastq.gz
C204	/uufs/chpc.utah.edu/common/home/kapheim-group2/Sief/Iguana16-21_research/data_for_analysis/2016-erin/2016_rawseqs/C204_S101_L001_R1_001.fastq.gz	/uufs/chpc.utah.edu/common/home/kapheim-group2/Sief/Iguana16-21_research/data_for_analysis/2016-erin/2016_rawseqs/C204_S101_L001_R2_001.fastq.gz
C205	/uufs/chpc.utah.edu/common/home/kapheim-group2/Sief/Iguana16-21_research/data_for_analysis/2016-erin/2016_rawseqs/C205_S102_L001_R1_001.fastq.gz	/uufs/chpc.utah.edu/common/home/kapheim-group2/Sief/Iguana16-21_research/data_for_analysis/2016-erin/2016_rawseqs/C205_S102_L001_R2_001.fastq.gz
C206	/uufs/chpc.utah.edu/common/home/kapheim-group2/Sief/Iguana16-21_research/data_for_analysis/2016-erin/2016_rawseqs/C206_S103_L001_R1_001.fastq.gz	/uufs/chpc.utah.edu/common/home/kapheim-group2/Sief/Iguana16-21_research/data_for_analysis/2016-erin/2016_rawseqs/C206_S103_L001_R2_001.fastq.gz
C207	/uufs/chpc.utah.edu/common/home/kapheim-group2/Sief/Iguana16-21_research/data_for_analysis/2016-erin/2016_rawseqs/C207_S104_L001_R1_001.fastq.gz	/uufs/chpc.utah.edu/common/home/kapheim-group2/Sief/Iguana16-21_research/data_for_analysis/2016-erin/2016_rawseqs/C207_S104_L001_R2_001.fastq.gz
C209	/uufs/chpc.utah.edu/common/home/kapheim-group2/Sief/Iguana16-21_research/data_for_analysis/2016-erin/2016_rawseqs/C209_S105_L001_R1_001.fastq.gz	/uufs/chpc.utah.edu/common/home/kapheim-group2/Sief/Iguana16-21_research/data_for_analysis/2016-erin/2016_rawseqs/C209_S105_L001_R2_001.fastq.gz
C20	/uufs/chpc.utah.edu/common/home/kapheim-group2/Sief/Iguana16-21_research/data_for_analysis/2016-erin/2016_rawseqs/C20_S183_L001_R1_001.fastq.gz	/uufs/chpc.utah.edu/common/home/kapheim-group2/Sief/Iguana16-21_research/data_for_analysis/2016-erin/2016_rawseqs/C20_S183_L001_R2_001.fastq.gz
C21	/uufs/chpc.utah.edu/common/home/kapheim-group2/Sief/Iguana16-21_research/data_for_analysis/2016-erin/2016_rawseqs/C21_S184_L001_R1_001.fastq.gz	/uufs/chpc.utah.edu/common/home/kapheim-group2/Sief/Iguana16-21_research/data_for_analysis/2016-erin/2016_rawseqs/C21_S184_L001_R2_001.fastq.gz
C22	/uufs/chpc.utah.edu/common/home/kapheim-group2/Sief/Iguana16-21_research/data_for_analysis/2016-erin/2016_rawseqs/C22_S185_L001_R1_001.fastq.gz	/uufs/chpc.utah.edu/common/home/kapheim-group2/Sief/Iguana16-21_research/data_for_analysis/2016-erin/2016_rawseqs/C22_S185_L001_R2_001.fastq.gz
C23	/uufs/chpc.utah.edu/common/home/kapheim-group2/Sief/Iguana16-21_research/data_for_analysis/2016-erin/2016_rawseqs/C23_S186_L001_R1_001.fastq.gz	/uufs/chpc.utah.edu/common/home/kapheim-group2/Sief/Iguana16-21_research/data_for_analysis/2016-erin/2016_rawseqs/C23_S186_L001_R2_001.fastq.gz
C24	/uufs/chpc.utah.edu/common/home/kapheim-group2/Sief/Iguana16-21_research/data_for_analysis/2016-erin/2016_rawseqs/C24_S187_L001_R1_001.fastq.gz	/uufs/chpc.utah.edu/common/home/kapheim-group2/Sief/Iguana16-21_research/data_for_analysis/2016-erin/2016_rawseqs/C24_S187_L001_R2_001.fastq.gz
C26	/uufs/chpc.utah.edu/common/home/kapheim-group2/Sief/Iguana16-21_research/data_for_analysis/2016-erin/2016_rawseqs/C26_S188_L001_R1_001.fastq.gz	/uufs/chpc.utah.edu/common/home/kapheim-group2/Sief/Iguana16-21_research/data_for_analysis/2016-erin/2016_rawseqs/C26_S188_L001_R2_001.fastq.gz
C27	/uufs/chpc.utah.edu/common/home/kapheim-group2/Sief/Iguana16-21_research/data_for_analysis/2016-erin/2016_rawseqs/C27_S190_L001_R1_001.fastq.gz	/uufs/chpc.utah.edu/common/home/kapheim-group2/Sief/Iguana16-21_research/data_for_analysis/2016-erin/2016_rawseqs/C27_S190_L001_R2_001.fastq.gz
C28	/uufs/chpc.utah.edu/common/home/kapheim-group2/Sief/Iguana16-21_research/data_for_analysis/2016-erin/2016_rawseqs/C28_S191_L001_R1_001.fastq.gz	/uufs/chpc.utah.edu/common/home/kapheim-group2/Sief/Iguana16-21_research/data_for_analysis/2016-erin/2016_rawseqs/C28_S191_L001_R2_001.fastq.gz
C29	/uufs/chpc.utah.edu/common/home/kapheim-group2/Sief/Iguana16-21_research/data_for_analysis/2016-erin/2016_rawseqs/C29_S192_L001_R1_001.fastq.gz	/uufs/chpc.utah.edu/common/home/kapheim-group2/Sief/Iguana16-21_research/data_for_analysis/2016-erin/2016_rawseqs/C29_S192_L001_R2_001.fastq.gz
C30	/uufs/chpc.utah.edu/common/home/kapheim-group2/Sief/Iguana16-21_research/data_for_analysis/2016-erin/2016_rawseqs/C30_S193_L001_R1_001.fastq.gz	/uufs/chpc.utah.edu/common/home/kapheim-group2/Sief/Iguana16-21_research/data_for_analysis/2016-erin/2016_rawseqs/C30_S193_L001_R2_001.fastq.gz
C32	/uufs/chpc.utah.edu/common/home/kapheim-group2/Sief/Iguana16-21_research/data_for_analysis/2016-erin/2016_rawseqs/C32_S194_L001_R1_001.fastq.gz	/uufs/chpc.utah.edu/common/home/kapheim-group2/Sief/Iguana16-21_research/data_for_analysis/2016-erin/2016_rawseqs/C32_S194_L001_R2_001.fastq.gz
C33	/uufs/chpc.utah.edu/common/home/kapheim-group2/Sief/Iguana16-21_research/data_for_analysis/2016-erin/2016_rawseqs/C33_S195_L001_R1_001.fastq.gz	/uufs/chpc.utah.edu/common/home/kapheim-group2/Sief/Iguana16-21_research/data_for_analysis/2016-erin/2016_rawseqs/C33_S195_L001_R2_001.fastq.gz
C34	/uufs/chpc.utah.edu/common/home/kapheim-group2/Sief/Iguana16-21_research/data_for_analysis/2016-erin/2016_rawseqs/C34_S196_L001_R1_001.fastq.gz	/uufs/chpc.utah.edu/common/home/kapheim-group2/Sief/Iguana16-21_research/data_for_analysis/2016-erin/2016_rawseqs/C34_S196_L001_R2_001.fastq.gz
C35	/uufs/chpc.utah.edu/common/home/kapheim-group2/Sief/Iguana16-21_research/data_for_analysis/2016-erin/2016_rawseqs/C35_S197_L001_R1_001.fastq.gz	/uufs/chpc.utah.edu/common/home/kapheim-group2/Sief/Iguana16-21_research/data_for_analysis/2016-erin/2016_rawseqs/C35_S197_L001_R2_001.fastq.gz
C36	/uufs/chpc.utah.edu/common/home/kapheim-group2/Sief/Iguana16-21_research/data_for_analysis/2016-erin/2016_rawseqs/C36_S198_L001_R1_001.fastq.gz	/uufs/chpc.utah.edu/common/home/kapheim-group2/Sief/Iguana16-21_research/data_for_analysis/2016-erin/2016_rawseqs/C36_S198_L001_R2_001.fastq.gz
C37	/uufs/chpc.utah.edu/common/home/kapheim-group2/Sief/Iguana16-21_research/data_for_analysis/2016-erin/2016_rawseqs/C37_S1_L001_R1_001.fastq.gz	/uufs/chpc.utah.edu/common/home/kapheim-group2/Sief/Iguana16-21_research/data_for_analysis/2016-erin/2016_rawseqs/C37_S1_L001_R2_001.fastq.gz
C38	/uufs/chpc.utah.edu/common/home/kapheim-group2/Sief/Iguana16-21_research/data_for_analysis/2016-erin/2016_rawseqs/C38_S16_L001_R1_001.fastq.gz	/uufs/chpc.utah.edu/common/home/kapheim-group2/Sief/Iguana16-21_research/data_for_analysis/2016-erin/2016_rawseqs/C38_S16_L001_R2_001.fastq.gz
C39	/uufs/chpc.utah.edu/common/home/kapheim-group2/Sief/Iguana16-21_research/data_for_analysis/2016-erin/2016_rawseqs/C39_S17_L001_R1_001.fastq.gz	/uufs/chpc.utah.edu/common/home/kapheim-group2/Sief/Iguana16-21_research/data_for_analysis/2016-erin/2016_rawseqs/C39_S17_L001_R2_001.fastq.gz
C40	/uufs/chpc.utah.edu/common/home/kapheim-group2/Sief/Iguana16-21_research/data_for_analysis/2016-erin/2016_rawseqs/C40_S18_L001_R1_001.fastq.gz	/uufs/chpc.utah.edu/common/home/kapheim-group2/Sief/Iguana16-21_research/data_for_analysis/2016-erin/2016_rawseqs/C40_S18_L001_R2_001.fastq.gz
C41	/uufs/chpc.utah.edu/common/home/kapheim-group2/Sief/Iguana16-21_research/data_for_analysis/2016-erin/2016_rawseqs/C41_S9_L001_R1_001.fastq.gz	/uufs/chpc.utah.edu/common/home/kapheim-group2/Sief/Iguana16-21_research/data_for_analysis/2016-erin/2016_rawseqs/C41_S9_L001_R2_001.fastq.gz
C43	/uufs/chpc.utah.edu/common/home/kapheim-group2/Sief/Iguana16-21_research/data_for_analysis/2016-erin/2016_rawseqs/C43_S2_L001_R1_001.fastq.gz	/uufs/chpc.utah.edu/common/home/kapheim-group2/Sief/Iguana16-21_research/data_for_analysis/2016-erin/2016_rawseqs/C43_S2_L001_R2_001.fastq.gz
C44	/uufs/chpc.utah.edu/common/home/kapheim-group2/Sief/Iguana16-21_research/data_for_analysis/2016-erin/2016_rawseqs/C44_S19_L001_R1_001.fastq.gz	/uufs/chpc.utah.edu/common/home/kapheim-group2/Sief/Iguana16-21_research/data_for_analysis/2016-erin/2016_rawseqs/C44_S19_L001_R2_001.fastq.gz
C45	/uufs/chpc.utah.edu/common/home/kapheim-group2/Sief/Iguana16-21_research/data_for_analysis/2016-erin/2016_rawseqs/C45_S20_L001_R1_001.fastq.gz	/uufs/chpc.utah.edu/common/home/kapheim-group2/Sief/Iguana16-21_research/data_for_analysis/2016-erin/2016_rawseqs/C45_S20_L001_R2_001.fastq.gz
C46	/uufs/chpc.utah.edu/common/home/kapheim-group2/Sief/Iguana16-21_research/data_for_analysis/2016-erin/2016_rawseqs/C46_S3_L001_R1_001.fastq.gz	/uufs/chpc.utah.edu/common/home/kapheim-group2/Sief/Iguana16-21_research/data_for_analysis/2016-erin/2016_rawseqs/C46_S3_L001_R2_001.fastq.gz
C55	/uufs/chpc.utah.edu/common/home/kapheim-group2/Sief/Iguana16-21_research/data_for_analysis/2016-erin/2016_rawseqs/C55_S4_L001_R1_001.fastq.gz	/uufs/chpc.utah.edu/common/home/kapheim-group2/Sief/Iguana16-21_research/data_for_analysis/2016-erin/2016_rawseqs/C55_S4_L001_R2_001.fastq.gz
C56	/uufs/chpc.utah.edu/common/home/kapheim-group2/Sief/Iguana16-21_research/data_for_analysis/2016-erin/2016_rawseqs/C56_S5_L001_R1_001.fastq.gz	/uufs/chpc.utah.edu/common/home/kapheim-group2/Sief/Iguana16-21_research/data_for_analysis/2016-erin/2016_rawseqs/C56_S5_L001_R2_001.fastq.gz
C58	/uufs/chpc.utah.edu/common/home/kapheim-group2/Sief/Iguana16-21_research/data_for_analysis/2016-erin/2016_rawseqs/C58_S21_L001_R1_001.fastq.gz	/uufs/chpc.utah.edu/common/home/kapheim-group2/Sief/Iguana16-21_research/data_for_analysis/2016-erin/2016_rawseqs/C58_S21_L001_R2_001.fastq.gz
C60	/uufs/chpc.utah.edu/common/home/kapheim-group2/Sief/Iguana16-21_research/data_for_analysis/2016-erin/2016_rawseqs/C60_S6_L001_R1_001.fastq.gz	/uufs/chpc.utah.edu/common/home/kapheim-group2/Sief/Iguana16-21_research/data_for_analysis/2016-erin/2016_rawseqs/C60_S6_L001_R2_001.fastq.gz
C61	/uufs/chpc.utah.edu/common/home/kapheim-group2/Sief/Iguana16-21_research/data_for_analysis/2016-erin/2016_rawseqs/C61_S22_L001_R1_001.fastq.gz	/uufs/chpc.utah.edu/common/home/kapheim-group2/Sief/Iguana16-21_research/data_for_analysis/2016-erin/2016_rawseqs/C61_S22_L001_R2_001.fastq.gz
C62	/uufs/chpc.utah.edu/common/home/kapheim-group2/Sief/Iguana16-21_research/data_for_analysis/2016-erin/2016_rawseqs/C62_S7_L001_R1_001.fastq.gz	/uufs/chpc.utah.edu/common/home/kapheim-group2/Sief/Iguana16-21_research/data_for_analysis/2016-erin/2016_rawseqs/C62_S7_L001_R2_001.fastq.gz
C63	/uufs/chpc.utah.edu/common/home/kapheim-group2/Sief/Iguana16-21_research/data_for_analysis/2016-erin/2016_rawseqs/C63_S8_L001_R1_001.fastq.gz	/uufs/chpc.utah.edu/common/home/kapheim-group2/Sief/Iguana16-21_research/data_for_analysis/2016-erin/2016_rawseqs/C63_S8_L001_R2_001.fastq.gz
C64	/uufs/chpc.utah.edu/common/home/kapheim-group2/Sief/Iguana16-21_research/data_for_analysis/2016-erin/2016_rawseqs/C64_S57_L001_R1_001.fastq.gz	/uufs/chpc.utah.edu/common/home/kapheim-group2/Sief/Iguana16-21_research/data_for_analysis/2016-erin/2016_rawseqs/C64_S57_L001_R2_001.fastq.gz
C65	/uufs/chpc.utah.edu/common/home/kapheim-group2/Sief/Iguana16-21_research/data_for_analysis/2016-erin/2016_rawseqs/C65_S63_L001_R1_001.fastq.gz	/uufs/chpc.utah.edu/common/home/kapheim-group2/Sief/Iguana16-21_research/data_for_analysis/2016-erin/2016_rawseqs/C65_S63_L001_R2_001.fastq.gz
C66	/uufs/chpc.utah.edu/common/home/kapheim-group2/Sief/Iguana16-21_research/data_for_analysis/2016-erin/2016_rawseqs/C66_S64_L001_R1_001.fastq.gz	/uufs/chpc.utah.edu/common/home/kapheim-group2/Sief/Iguana16-21_research/data_for_analysis/2016-erin/2016_rawseqs/C66_S64_L001_R2_001.fastq.gz
C67	/uufs/chpc.utah.edu/common/home/kapheim-group2/Sief/Iguana16-21_research/data_for_analysis/2016-erin/2016_rawseqs/C67_S65_L001_R1_001.fastq.gz	/uufs/chpc.utah.edu/common/home/kapheim-group2/Sief/Iguana16-21_research/data_for_analysis/2016-erin/2016_rawseqs/C67_S65_L001_R2_001.fastq.gz
C68	/uufs/chpc.utah.edu/common/home/kapheim-group2/Sief/Iguana16-21_research/data_for_analysis/2016-erin/2016_rawseqs/C68_S66_L001_R1_001.fastq.gz	/uufs/chpc.utah.edu/common/home/kapheim-group2/Sief/Iguana16-21_research/data_for_analysis/2016-erin/2016_rawseqs/C68_S66_L001_R2_001.fastq.gz
C69	/uufs/chpc.utah.edu/common/home/kapheim-group2/Sief/Iguana16-21_research/data_for_analysis/2016-erin/2016_rawseqs/C69_S58_L001_R1_001.fastq.gz	/uufs/chpc.utah.edu/common/home/kapheim-group2/Sief/Iguana16-21_research/data_for_analysis/2016-erin/2016_rawseqs/C69_S58_L001_R2_001.fastq.gz
C70	/uufs/chpc.utah.edu/common/home/kapheim-group2/Sief/Iguana16-21_research/data_for_analysis/2016-erin/2016_rawseqs/C70_S67_L001_R1_001.fastq.gz	/uufs/chpc.utah.edu/common/home/kapheim-group2/Sief/Iguana16-21_research/data_for_analysis/2016-erin/2016_rawseqs/C70_S67_L001_R2_001.fastq.gz
C71	/uufs/chpc.utah.edu/common/home/kapheim-group2/Sief/Iguana16-21_research/data_for_analysis/2016-erin/2016_rawseqs/C71_S68_L001_R1_001.fastq.gz	/uufs/chpc.utah.edu/common/home/kapheim-group2/Sief/Iguana16-21_research/data_for_analysis/2016-erin/2016_rawseqs/C71_S68_L001_R2_001.fastq.gz
C73	/uufs/chpc.utah.edu/common/home/kapheim-group2/Sief/Iguana16-21_research/data_for_analysis/2016-erin/2016_rawseqs/C73_S59_L001_R1_001.fastq.gz	/uufs/chpc.utah.edu/common/home/kapheim-group2/Sief/Iguana16-21_research/data_for_analysis/2016-erin/2016_rawseqs/C73_S59_L001_R2_001.fastq.gz
C74	/uufs/chpc.utah.edu/common/home/kapheim-group2/Sief/Iguana16-21_research/data_for_analysis/2016-erin/2016_rawseqs/C74_S60_L001_R1_001.fastq.gz	/uufs/chpc.utah.edu/common/home/kapheim-group2/Sief/Iguana16-21_research/data_for_analysis/2016-erin/2016_rawseqs/C74_S60_L001_R2_001.fastq.gz
C75	/uufs/chpc.utah.edu/common/home/kapheim-group2/Sief/Iguana16-21_research/data_for_analysis/2016-erin/2016_rawseqs/C75_S69_L001_R1_001.fastq.gz	/uufs/chpc.utah.edu/common/home/kapheim-group2/Sief/Iguana16-21_research/data_for_analysis/2016-erin/2016_rawseqs/C75_S69_L001_R2_001.fastq.gz
C76	/uufs/chpc.utah.edu/common/home/kapheim-group2/Sief/Iguana16-21_research/data_for_analysis/2016-erin/2016_rawseqs/C76_S23_L001_R1_001.fastq.gz	/uufs/chpc.utah.edu/common/home/kapheim-group2/Sief/Iguana16-21_research/data_for_analysis/2016-erin/2016_rawseqs/C76_S23_L001_R2_001.fastq.gz
C77	/uufs/chpc.utah.edu/common/home/kapheim-group2/Sief/Iguana16-21_research/data_for_analysis/2016-erin/2016_rawseqs/C77_S10_L001_R1_001.fastq.gz	/uufs/chpc.utah.edu/common/home/kapheim-group2/Sief/Iguana16-21_research/data_for_analysis/2016-erin/2016_rawseqs/C77_S10_L001_R2_001.fastq.gz
C78	/uufs/chpc.utah.edu/common/home/kapheim-group2/Sief/Iguana16-21_research/data_for_analysis/2016-erin/2016_rawseqs/C78_S11_L001_R1_001.fastq.gz	/uufs/chpc.utah.edu/common/home/kapheim-group2/Sief/Iguana16-21_research/data_for_analysis/2016-erin/2016_rawseqs/C78_S11_L001_R2_001.fastq.gz
C79	/uufs/chpc.utah.edu/common/home/kapheim-group2/Sief/Iguana16-21_research/data_for_analysis/2016-erin/2016_rawseqs/C79_S24_L001_R1_001.fastq.gz	/uufs/chpc.utah.edu/common/home/kapheim-group2/Sief/Iguana16-21_research/data_for_analysis/2016-erin/2016_rawseqs/C79_S24_L001_R2_001.fastq.gz
C80	/uufs/chpc.utah.edu/common/home/kapheim-group2/Sief/Iguana16-21_research/data_for_analysis/2016-erin/2016_rawseqs/C80_S25_L001_R1_001.fastq.gz	/uufs/chpc.utah.edu/common/home/kapheim-group2/Sief/Iguana16-21_research/data_for_analysis/2016-erin/2016_rawseqs/C80_S25_L001_R2_001.fastq.gz
C81	/uufs/chpc.utah.edu/common/home/kapheim-group2/Sief/Iguana16-21_research/data_for_analysis/2016-erin/2016_rawseqs/C81_S12_L001_R1_001.fastq.gz	/uufs/chpc.utah.edu/common/home/kapheim-group2/Sief/Iguana16-21_research/data_for_analysis/2016-erin/2016_rawseqs/C81_S12_L001_R2_001.fastq.gz
C82	/uufs/chpc.utah.edu/common/home/kapheim-group2/Sief/Iguana16-21_research/data_for_analysis/2016-erin/2016_rawseqs/C82_S13_L001_R1_001.fastq.gz	/uufs/chpc.utah.edu/common/home/kapheim-group2/Sief/Iguana16-21_research/data_for_analysis/2016-erin/2016_rawseqs/C82_S13_L001_R2_001.fastq.gz
C83	/uufs/chpc.utah.edu/common/home/kapheim-group2/Sief/Iguana16-21_research/data_for_analysis/2016-erin/2016_rawseqs/C83_S26_L001_R1_001.fastq.gz	/uufs/chpc.utah.edu/common/home/kapheim-group2/Sief/Iguana16-21_research/data_for_analysis/2016-erin/2016_rawseqs/C83_S26_L001_R2_001.fastq.gz
C85	/uufs/chpc.utah.edu/common/home/kapheim-group2/Sief/Iguana16-21_research/data_for_analysis/2016-erin/2016_rawseqs/C85_S14_L001_R1_001.fastq.gz	/uufs/chpc.utah.edu/common/home/kapheim-group2/Sief/Iguana16-21_research/data_for_analysis/2016-erin/2016_rawseqs/C85_S14_L001_R2_001.fastq.gz
C86	/uufs/chpc.utah.edu/common/home/kapheim-group2/Sief/Iguana16-21_research/data_for_analysis/2016-erin/2016_rawseqs/C86_S27_L001_R1_001.fastq.gz	/uufs/chpc.utah.edu/common/home/kapheim-group2/Sief/Iguana16-21_research/data_for_analysis/2016-erin/2016_rawseqs/C86_S27_L001_R2_001.fastq.gz
C87	/uufs/chpc.utah.edu/common/home/kapheim-group2/Sief/Iguana16-21_research/data_for_analysis/2016-erin/2016_rawseqs/C87_S15_L001_R1_001.fastq.gz	/uufs/chpc.utah.edu/common/home/kapheim-group2/Sief/Iguana16-21_research/data_for_analysis/2016-erin/2016_rawseqs/C87_S15_L001_R2_001.fastq.gz
C91	/uufs/chpc.utah.edu/common/home/kapheim-group2/Sief/Iguana16-21_research/data_for_analysis/2016-erin/2016_rawseqs/C91_S28_L001_R1_001.fastq.gz	/uufs/chpc.utah.edu/common/home/kapheim-group2/Sief/Iguana16-21_research/data_for_analysis/2016-erin/2016_rawseqs/C91_S28_L001_R2_001.fastq.gz
C92	/uufs/chpc.utah.edu/common/home/kapheim-group2/Sief/Iguana16-21_research/data_for_analysis/2016-erin/2016_rawseqs/C92_S29_L001_R1_001.fastq.gz	/uufs/chpc.utah.edu/common/home/kapheim-group2/Sief/Iguana16-21_research/data_for_analysis/2016-erin/2016_rawseqs/C92_S29_L001_R2_001.fastq.gz
C93	/uufs/chpc.utah.edu/common/home/kapheim-group2/Sief/Iguana16-21_research/data_for_analysis/2016-erin/2016_rawseqs/C93_S30_L001_R1_001.fastq.gz	/uufs/chpc.utah.edu/common/home/kapheim-group2/Sief/Iguana16-21_research/data_for_analysis/2016-erin/2016_rawseqs/C93_S30_L001_R2_001.fastq.gz
C94	/uufs/chpc.utah.edu/common/home/kapheim-group2/Sief/Iguana16-21_research/data_for_analysis/2016-erin/2016_rawseqs/C94_S31_L001_R1_001.fastq.gz	/uufs/chpc.utah.edu/common/home/kapheim-group2/Sief/Iguana16-21_research/data_for_analysis/2016-erin/2016_rawseqs/C94_S31_L001_R2_001.fastq.gz
C95	/uufs/chpc.utah.edu/common/home/kapheim-group2/Sief/Iguana16-21_research/data_for_analysis/2016-erin/2016_rawseqs/C95_S32_L001_R1_001.fastq.gz	/uufs/chpc.utah.edu/common/home/kapheim-group2/Sief/Iguana16-21_research/data_for_analysis/2016-erin/2016_rawseqs/C95_S32_L001_R2_001.fastq.gz
C96	/uufs/chpc.utah.edu/common/home/kapheim-group2/Sief/Iguana16-21_research/data_for_analysis/2016-erin/2016_rawseqs/C96_S33_L001_R1_001.fastq.gz	/uufs/chpc.utah.edu/common/home/kapheim-group2/Sief/Iguana16-21_research/data_for_analysis/2016-erin/2016_rawseqs/C96_S33_L001_R2_001.fastq.gz
C97	/uufs/chpc.utah.edu/common/home/kapheim-group2/Sief/Iguana16-21_research/data_for_analysis/2016-erin/2016_rawseqs/C97_S34_L001_R1_001.fastq.gz	/uufs/chpc.utah.edu/common/home/kapheim-group2/Sief/Iguana16-21_research/data_for_analysis/2016-erin/2016_rawseqs/C97_S34_L001_R2_001.fastq.gz
C99	/uufs/chpc.utah.edu/common/home/kapheim-group2/Sief/Iguana16-21_research/data_for_analysis/2016-erin/2016_rawseqs/C99_S35_L001_R1_001.fastq.gz	/uufs/chpc.utah.edu/common/home/kapheim-group2/Sief/Iguana16-21_research/data_for_analysis/2016-erin/2016_rawseqs/C99_S35_L001_R2_001.fastq.gz
F100	/uufs/chpc.utah.edu/common/home/kapheim-group2/Sief/Iguana16-21_research/data_for_analysis/2016-erin/2016_rawseqs/F100_S129_L001_R1_001.fastq.gz	/uufs/chpc.utah.edu/common/home/kapheim-group2/Sief/Iguana16-21_research/data_for_analysis/2016-erin/2016_rawseqs/F100_S129_L001_R2_001.fastq.gz
F101	/uufs/chpc.utah.edu/common/home/kapheim-group2/Sief/Iguana16-21_research/data_for_analysis/2016-erin/2016_rawseqs/F101_S130_L001_R1_001.fastq.gz	/uufs/chpc.utah.edu/common/home/kapheim-group2/Sief/Iguana16-21_research/data_for_analysis/2016-erin/2016_rawseqs/F101_S130_L001_R2_001.fastq.gz
F102	/uufs/chpc.utah.edu/common/home/kapheim-group2/Sief/Iguana16-21_research/data_for_analysis/2016-erin/2016_rawseqs/F102_S131_L001_R1_001.fastq.gz	/uufs/chpc.utah.edu/common/home/kapheim-group2/Sief/Iguana16-21_research/data_for_analysis/2016-erin/2016_rawseqs/F102_S131_L001_R2_001.fastq.gz
F103	/uufs/chpc.utah.edu/common/home/kapheim-group2/Sief/Iguana16-21_research/data_for_analysis/2016-erin/2016_rawseqs/F103_S132_L001_R1_001.fastq.gz	/uufs/chpc.utah.edu/common/home/kapheim-group2/Sief/Iguana16-21_research/data_for_analysis/2016-erin/2016_rawseqs/F103_S132_L001_R2_001.fastq.gz
F104	/uufs/chpc.utah.edu/common/home/kapheim-group2/Sief/Iguana16-21_research/data_for_analysis/2016-erin/2016_rawseqs/F104_S133_L001_R1_001.fastq.gz	/uufs/chpc.utah.edu/common/home/kapheim-group2/Sief/Iguana16-21_research/data_for_analysis/2016-erin/2016_rawseqs/F104_S133_L001_R2_001.fastq.gz
F105	/uufs/chpc.utah.edu/common/home/kapheim-group2/Sief/Iguana16-21_research/data_for_analysis/2016-erin/2016_rawseqs/F105_S134_L001_R1_001.fastq.gz	/uufs/chpc.utah.edu/common/home/kapheim-group2/Sief/Iguana16-21_research/data_for_analysis/2016-erin/2016_rawseqs/F105_S134_L001_R2_001.fastq.gz
F106	/uufs/chpc.utah.edu/common/home/kapheim-group2/Sief/Iguana16-21_research/data_for_analysis/2016-erin/2016_rawseqs/F106_S135_L001_R1_001.fastq.gz	/uufs/chpc.utah.edu/common/home/kapheim-group2/Sief/Iguana16-21_research/data_for_analysis/2016-erin/2016_rawseqs/F106_S135_L001_R2_001.fastq.gz
F12	/uufs/chpc.utah.edu/common/home/kapheim-group2/Sief/Iguana16-21_research/data_for_analysis/2016-erin/2016_rawseqs/F12_S232_L001_R1_001.fastq.gz	/uufs/chpc.utah.edu/common/home/kapheim-group2/Sief/Iguana16-21_research/data_for_analysis/2016-erin/2016_rawseqs/F12_S232_L001_R2_001.fastq.gz
F13	/uufs/chpc.utah.edu/common/home/kapheim-group2/Sief/Iguana16-21_research/data_for_analysis/2016-erin/2016_rawseqs/F13_S233_L001_R1_001.fastq.gz	/uufs/chpc.utah.edu/common/home/kapheim-group2/Sief/Iguana16-21_research/data_for_analysis/2016-erin/2016_rawseqs/F13_S233_L001_R2_001.fastq.gz
F14	/uufs/chpc.utah.edu/common/home/kapheim-group2/Sief/Iguana16-21_research/data_for_analysis/2016-erin/2016_rawseqs/F14_S234_L001_R1_001.fastq.gz	/uufs/chpc.utah.edu/common/home/kapheim-group2/Sief/Iguana16-21_research/data_for_analysis/2016-erin/2016_rawseqs/F14_S234_L001_R2_001.fastq.gz
F15	/uufs/chpc.utah.edu/common/home/kapheim-group2/Sief/Iguana16-21_research/data_for_analysis/2016-erin/2016_rawseqs/F15_S235_L001_R1_001.fastq.gz	/uufs/chpc.utah.edu/common/home/kapheim-group2/Sief/Iguana16-21_research/data_for_analysis/2016-erin/2016_rawseqs/F15_S235_L001_R2_001.fastq.gz
F16	/uufs/chpc.utah.edu/common/home/kapheim-group2/Sief/Iguana16-21_research/data_for_analysis/2016-erin/2016_rawseqs/F16_S236_L001_R1_001.fastq.gz	/uufs/chpc.utah.edu/common/home/kapheim-group2/Sief/Iguana16-21_research/data_for_analysis/2016-erin/2016_rawseqs/F16_S236_L001_R2_001.fastq.gz
F18	/uufs/chpc.utah.edu/common/home/kapheim-group2/Sief/Iguana16-21_research/data_for_analysis/2016-erin/2016_rawseqs/F18_S199_L001_R1_001.fastq.gz	/uufs/chpc.utah.edu/common/home/kapheim-group2/Sief/Iguana16-21_research/data_for_analysis/2016-erin/2016_rawseqs/F18_S199_L001_R2_001.fastq.gz
F19	/uufs/chpc.utah.edu/common/home/kapheim-group2/Sief/Iguana16-21_research/data_for_analysis/2016-erin/2016_rawseqs/F19_S200_L001_R1_001.fastq.gz	/uufs/chpc.utah.edu/common/home/kapheim-group2/Sief/Iguana16-21_research/data_for_analysis/2016-erin/2016_rawseqs/F19_S200_L001_R2_001.fastq.gz
F20	/uufs/chpc.utah.edu/common/home/kapheim-group2/Sief/Iguana16-21_research/data_for_analysis/2016-erin/2016_rawseqs/F20_S201_L001_R1_001.fastq.gz	/uufs/chpc.utah.edu/common/home/kapheim-group2/Sief/Iguana16-21_research/data_for_analysis/2016-erin/2016_rawseqs/F20_S201_L001_R2_001.fastq.gz
F21	/uufs/chpc.utah.edu/common/home/kapheim-group2/Sief/Iguana16-21_research/data_for_analysis/2016-erin/2016_rawseqs/F21_S202_L001_R1_001.fastq.gz	/uufs/chpc.utah.edu/common/home/kapheim-group2/Sief/Iguana16-21_research/data_for_analysis/2016-erin/2016_rawseqs/F21_S202_L001_R2_001.fastq.gz
F22	/uufs/chpc.utah.edu/common/home/kapheim-group2/Sief/Iguana16-21_research/data_for_analysis/2016-erin/2016_rawseqs/F22_S108_L001_R1_001.fastq.gz	/uufs/chpc.utah.edu/common/home/kapheim-group2/Sief/Iguana16-21_research/data_for_analysis/2016-erin/2016_rawseqs/F22_S108_L001_R2_001.fastq.gz
F36	/uufs/chpc.utah.edu/common/home/kapheim-group2/Sief/Iguana16-21_research/data_for_analysis/2016-erin/2016_rawseqs/F36_S109_L001_R1_001.fastq.gz	/uufs/chpc.utah.edu/common/home/kapheim-group2/Sief/Iguana16-21_research/data_for_analysis/2016-erin/2016_rawseqs/F36_S109_L001_R2_001.fastq.gz
F41	/uufs/chpc.utah.edu/common/home/kapheim-group2/Sief/Iguana16-21_research/data_for_analysis/2016-erin/2016_rawseqs/F41_S106_L001_R1_001.fastq.gz	/uufs/chpc.utah.edu/common/home/kapheim-group2/Sief/Iguana16-21_research/data_for_analysis/2016-erin/2016_rawseqs/F41_S106_L001_R2_001.fastq.gz
F43	/uufs/chpc.utah.edu/common/home/kapheim-group2/Sief/Iguana16-21_research/data_for_analysis/2016-erin/2016_rawseqs/F43_S75_L001_R1_001.fastq.gz	/uufs/chpc.utah.edu/common/home/kapheim-group2/Sief/Iguana16-21_research/data_for_analysis/2016-erin/2016_rawseqs/F43_S75_L001_R2_001.fastq.gz
F44	/uufs/chpc.utah.edu/common/home/kapheim-group2/Sief/Iguana16-21_research/data_for_analysis/2016-erin/2016_rawseqs/F44_S70_L001_R1_001.fastq.gz	/uufs/chpc.utah.edu/common/home/kapheim-group2/Sief/Iguana16-21_research/data_for_analysis/2016-erin/2016_rawseqs/F44_S70_L001_R2_001.fastq.gz
F45	/uufs/chpc.utah.edu/common/home/kapheim-group2/Sief/Iguana16-21_research/data_for_analysis/2016-erin/2016_rawseqs/F45_S62_L001_R1_001.fastq.gz	/uufs/chpc.utah.edu/common/home/kapheim-group2/Sief/Iguana16-21_research/data_for_analysis/2016-erin/2016_rawseqs/F45_S62_L001_R2_001.fastq.gz
F46	/uufs/chpc.utah.edu/common/home/kapheim-group2/Sief/Iguana16-21_research/data_for_analysis/2016-erin/2016_rawseqs/F46_S71_L001_R1_001.fastq.gz	/uufs/chpc.utah.edu/common/home/kapheim-group2/Sief/Iguana16-21_research/data_for_analysis/2016-erin/2016_rawseqs/F46_S71_L001_R2_001.fastq.gz
F60	/uufs/chpc.utah.edu/common/home/kapheim-group2/Sief/Iguana16-21_research/data_for_analysis/2016-erin/2016_rawseqs/F60_S162_L001_R1_001.fastq.gz	/uufs/chpc.utah.edu/common/home/kapheim-group2/Sief/Iguana16-21_research/data_for_analysis/2016-erin/2016_rawseqs/F60_S162_L001_R2_001.fastq.gz
F61	/uufs/chpc.utah.edu/common/home/kapheim-group2/Sief/Iguana16-21_research/data_for_analysis/2016-erin/2016_rawseqs/F61_S163_L001_R1_001.fastq.gz	/uufs/chpc.utah.edu/common/home/kapheim-group2/Sief/Iguana16-21_research/data_for_analysis/2016-erin/2016_rawseqs/F61_S163_L001_R2_001.fastq.gz
F62	/uufs/chpc.utah.edu/common/home/kapheim-group2/Sief/Iguana16-21_research/data_for_analysis/2016-erin/2016_rawseqs/F62_S164_L001_R1_001.fastq.gz	/uufs/chpc.utah.edu/common/home/kapheim-group2/Sief/Iguana16-21_research/data_for_analysis/2016-erin/2016_rawseqs/F62_S164_L001_R2_001.fastq.gz
F63	/uufs/chpc.utah.edu/common/home/kapheim-group2/Sief/Iguana16-21_research/data_for_analysis/2016-erin/2016_rawseqs/F63_S165_L001_R1_001.fastq.gz	/uufs/chpc.utah.edu/common/home/kapheim-group2/Sief/Iguana16-21_research/data_for_analysis/2016-erin/2016_rawseqs/F63_S165_L001_R2_001.fastq.gz
F64	/uufs/chpc.utah.edu/common/home/kapheim-group2/Sief/Iguana16-21_research/data_for_analysis/2016-erin/2016_rawseqs/F64_S166_L001_R1_001.fastq.gz	/uufs/chpc.utah.edu/common/home/kapheim-group2/Sief/Iguana16-21_research/data_for_analysis/2016-erin/2016_rawseqs/F64_S166_L001_R2_001.fastq.gz
F65	/uufs/chpc.utah.edu/common/home/kapheim-group2/Sief/Iguana16-21_research/data_for_analysis/2016-erin/2016_rawseqs/F65_S167_L001_R1_001.fastq.gz	/uufs/chpc.utah.edu/common/home/kapheim-group2/Sief/Iguana16-21_research/data_for_analysis/2016-erin/2016_rawseqs/F65_S167_L001_R2_001.fastq.gz
F66	/uufs/chpc.utah.edu/common/home/kapheim-group2/Sief/Iguana16-21_research/data_for_analysis/2016-erin/2016_rawseqs/F66_S168_L001_R1_001.fastq.gz	/uufs/chpc.utah.edu/common/home/kapheim-group2/Sief/Iguana16-21_research/data_for_analysis/2016-erin/2016_rawseqs/F66_S168_L001_R2_001.fastq.gz
F67	/uufs/chpc.utah.edu/common/home/kapheim-group2/Sief/Iguana16-21_research/data_for_analysis/2016-erin/2016_rawseqs/F67_S169_L001_R1_001.fastq.gz	/uufs/chpc.utah.edu/common/home/kapheim-group2/Sief/Iguana16-21_research/data_for_analysis/2016-erin/2016_rawseqs/F67_S169_L001_R2_001.fastq.gz
F68	/uufs/chpc.utah.edu/common/home/kapheim-group2/Sief/Iguana16-21_research/data_for_analysis/2016-erin/2016_rawseqs/F68_S170_L001_R1_001.fastq.gz	/uufs/chpc.utah.edu/common/home/kapheim-group2/Sief/Iguana16-21_research/data_for_analysis/2016-erin/2016_rawseqs/F68_S170_L001_R2_001.fastq.gz
F69	/uufs/chpc.utah.edu/common/home/kapheim-group2/Sief/Iguana16-21_research/data_for_analysis/2016-erin/2016_rawseqs/F69_S171_L001_R1_001.fastq.gz	/uufs/chpc.utah.edu/common/home/kapheim-group2/Sief/Iguana16-21_research/data_for_analysis/2016-erin/2016_rawseqs/F69_S171_L001_R2_001.fastq.gz
F70	/uufs/chpc.utah.edu/common/home/kapheim-group2/Sief/Iguana16-21_research/data_for_analysis/2016-erin/2016_rawseqs/F70_S172_L001_R1_001.fastq.gz	/uufs/chpc.utah.edu/common/home/kapheim-group2/Sief/Iguana16-21_research/data_for_analysis/2016-erin/2016_rawseqs/F70_S172_L001_R2_001.fastq.gz
F71	/uufs/chpc.utah.edu/common/home/kapheim-group2/Sief/Iguana16-21_research/data_for_analysis/2016-erin/2016_rawseqs/F71_S173_L001_R1_001.fastq.gz	/uufs/chpc.utah.edu/common/home/kapheim-group2/Sief/Iguana16-21_research/data_for_analysis/2016-erin/2016_rawseqs/F71_S173_L001_R2_001.fastq.gz
F72	/uufs/chpc.utah.edu/common/home/kapheim-group2/Sief/Iguana16-21_research/data_for_analysis/2016-erin/2016_rawseqs/F72_S174_L001_R1_001.fastq.gz	/uufs/chpc.utah.edu/common/home/kapheim-group2/Sief/Iguana16-21_research/data_for_analysis/2016-erin/2016_rawseqs/F72_S174_L001_R2_001.fastq.gz
F73	/uufs/chpc.utah.edu/common/home/kapheim-group2/Sief/Iguana16-21_research/data_for_analysis/2016-erin/2016_rawseqs/F73_S175_L001_R1_001.fastq.gz	/uufs/chpc.utah.edu/common/home/kapheim-group2/Sief/Iguana16-21_research/data_for_analysis/2016-erin/2016_rawseqs/F73_S175_L001_R2_001.fastq.gz
F74	/uufs/chpc.utah.edu/common/home/kapheim-group2/Sief/Iguana16-21_research/data_for_analysis/2016-erin/2016_rawseqs/F74_S176_L001_R1_001.fastq.gz	/uufs/chpc.utah.edu/common/home/kapheim-group2/Sief/Iguana16-21_research/data_for_analysis/2016-erin/2016_rawseqs/F74_S176_L001_R2_001.fastq.gz
F75	/uufs/chpc.utah.edu/common/home/kapheim-group2/Sief/Iguana16-21_research/data_for_analysis/2016-erin/2016_rawseqs/F75_S177_L001_R1_001.fastq.gz	/uufs/chpc.utah.edu/common/home/kapheim-group2/Sief/Iguana16-21_research/data_for_analysis/2016-erin/2016_rawseqs/F75_S177_L001_R2_001.fastq.gz
F77	/uufs/chpc.utah.edu/common/home/kapheim-group2/Sief/Iguana16-21_research/data_for_analysis/2016-erin/2016_rawseqs/F77_S178_L001_R1_001.fastq.gz	/uufs/chpc.utah.edu/common/home/kapheim-group2/Sief/Iguana16-21_research/data_for_analysis/2016-erin/2016_rawseqs/F77_S178_L001_R2_001.fastq.gz
F79	/uufs/chpc.utah.edu/common/home/kapheim-group2/Sief/Iguana16-21_research/data_for_analysis/2016-erin/2016_rawseqs/F79_S179_L001_R1_001.fastq.gz	/uufs/chpc.utah.edu/common/home/kapheim-group2/Sief/Iguana16-21_research/data_for_analysis/2016-erin/2016_rawseqs/F79_S179_L001_R2_001.fastq.gz
F80	/uufs/chpc.utah.edu/common/home/kapheim-group2/Sief/Iguana16-21_research/data_for_analysis/2016-erin/2016_rawseqs/F80_S180_L001_R1_001.fastq.gz	/uufs/chpc.utah.edu/common/home/kapheim-group2/Sief/Iguana16-21_research/data_for_analysis/2016-erin/2016_rawseqs/F80_S180_L001_R2_001.fastq.gz
F84	/uufs/chpc.utah.edu/common/home/kapheim-group2/Sief/Iguana16-21_research/data_for_analysis/2016-erin/2016_rawseqs/F84_S113_L001_R1_001.fastq.gz	/uufs/chpc.utah.edu/common/home/kapheim-group2/Sief/Iguana16-21_research/data_for_analysis/2016-erin/2016_rawseqs/F84_S113_L001_R2_001.fastq.gz
F85	/uufs/chpc.utah.edu/common/home/kapheim-group2/Sief/Iguana16-21_research/data_for_analysis/2016-erin/2016_rawseqs/F85_S114_L001_R1_001.fastq.gz	/uufs/chpc.utah.edu/common/home/kapheim-group2/Sief/Iguana16-21_research/data_for_analysis/2016-erin/2016_rawseqs/F85_S114_L001_R2_001.fastq.gz
F86	/uufs/chpc.utah.edu/common/home/kapheim-group2/Sief/Iguana16-21_research/data_for_analysis/2016-erin/2016_rawseqs/F86_S115_L001_R1_001.fastq.gz	/uufs/chpc.utah.edu/common/home/kapheim-group2/Sief/Iguana16-21_research/data_for_analysis/2016-erin/2016_rawseqs/F86_S115_L001_R2_001.fastq.gz
F87	/uufs/chpc.utah.edu/common/home/kapheim-group2/Sief/Iguana16-21_research/data_for_analysis/2016-erin/2016_rawseqs/F87_S116_L001_R1_001.fastq.gz	/uufs/chpc.utah.edu/common/home/kapheim-group2/Sief/Iguana16-21_research/data_for_analysis/2016-erin/2016_rawseqs/F87_S116_L001_R2_001.fastq.gz
F88	/uufs/chpc.utah.edu/common/home/kapheim-group2/Sief/Iguana16-21_research/data_for_analysis/2016-erin/2016_rawseqs/F88_S117_L001_R1_001.fastq.gz	/uufs/chpc.utah.edu/common/home/kapheim-group2/Sief/Iguana16-21_research/data_for_analysis/2016-erin/2016_rawseqs/F88_S117_L001_R2_001.fastq.gz
F89	/uufs/chpc.utah.edu/common/home/kapheim-group2/Sief/Iguana16-21_research/data_for_analysis/2016-erin/2016_rawseqs/F89_S118_L001_R1_001.fastq.gz	/uufs/chpc.utah.edu/common/home/kapheim-group2/Sief/Iguana16-21_research/data_for_analysis/2016-erin/2016_rawseqs/F89_S118_L001_R2_001.fastq.gz
F90T4	/uufs/chpc.utah.edu/common/home/kapheim-group2/Sief/Iguana16-21_research/data_for_analysis/2016-erin/2016_rawseqs/F90T4_S119_L001_R1_001.fastq.gz	/uufs/chpc.utah.edu/common/home/kapheim-group2/Sief/Iguana16-21_research/data_for_analysis/2016-erin/2016_rawseqs/F90T4_S119_L001_R2_001.fastq.gz
F91T3	/uufs/chpc.utah.edu/common/home/kapheim-group2/Sief/Iguana16-21_research/data_for_analysis/2016-erin/2016_rawseqs/F91T3_S120_L001_R1_001.fastq.gz	/uufs/chpc.utah.edu/common/home/kapheim-group2/Sief/Iguana16-21_research/data_for_analysis/2016-erin/2016_rawseqs/F91T3_S120_L001_R2_001.fastq.gz
F92T2	/uufs/chpc.utah.edu/common/home/kapheim-group2/Sief/Iguana16-21_research/data_for_analysis/2016-erin/2016_rawseqs/F92T2_S121_L001_R1_001.fastq.gz	/uufs/chpc.utah.edu/common/home/kapheim-group2/Sief/Iguana16-21_research/data_for_analysis/2016-erin/2016_rawseqs/F92T2_S121_L001_R2_001.fastq.gz
F93T1	/uufs/chpc.utah.edu/common/home/kapheim-group2/Sief/Iguana16-21_research/data_for_analysis/2016-erin/2016_rawseqs/F93T1_S122_L001_R1_001.fastq.gz	/uufs/chpc.utah.edu/common/home/kapheim-group2/Sief/Iguana16-21_research/data_for_analysis/2016-erin/2016_rawseqs/F93T1_S122_L001_R2_001.fastq.gz
F94	/uufs/chpc.utah.edu/common/home/kapheim-group2/Sief/Iguana16-21_research/data_for_analysis/2016-erin/2016_rawseqs/F94_S123_L001_R1_001.fastq.gz	/uufs/chpc.utah.edu/common/home/kapheim-group2/Sief/Iguana16-21_research/data_for_analysis/2016-erin/2016_rawseqs/F94_S123_L001_R2_001.fastq.gz
F95	/uufs/chpc.utah.edu/common/home/kapheim-group2/Sief/Iguana16-21_research/data_for_analysis/2016-erin/2016_rawseqs/F95_S124_L001_R1_001.fastq.gz	/uufs/chpc.utah.edu/common/home/kapheim-group2/Sief/Iguana16-21_research/data_for_analysis/2016-erin/2016_rawseqs/F95_S124_L001_R2_001.fastq.gz
F96	/uufs/chpc.utah.edu/common/home/kapheim-group2/Sief/Iguana16-21_research/data_for_analysis/2016-erin/2016_rawseqs/F96_S125_L001_R1_001.fastq.gz	/uufs/chpc.utah.edu/common/home/kapheim-group2/Sief/Iguana16-21_research/data_for_analysis/2016-erin/2016_rawseqs/F96_S125_L001_R2_001.fastq.gz
F97	/uufs/chpc.utah.edu/common/home/kapheim-group2/Sief/Iguana16-21_research/data_for_analysis/2016-erin/2016_rawseqs/F97_S126_L001_R1_001.fastq.gz	/uufs/chpc.utah.edu/common/home/kapheim-group2/Sief/Iguana16-21_research/data_for_analysis/2016-erin/2016_rawseqs/F97_S126_L001_R2_001.fastq.gz
F98	/uufs/chpc.utah.edu/common/home/kapheim-group2/Sief/Iguana16-21_research/data_for_analysis/2016-erin/2016_rawseqs/F98_S127_L001_R1_001.fastq.gz	/uufs/chpc.utah.edu/common/home/kapheim-group2/Sief/Iguana16-21_research/data_for_analysis/2016-erin/2016_rawseqs/F98_S127_L001_R2_001.fastq.gz
F99T5	/uufs/chpc.utah.edu/common/home/kapheim-group2/Sief/Iguana16-21_research/data_for_analysis/2016-erin/2016_rawseqs/F99T5_S128_L001_R1_001.fastq.gz	/uufs/chpc.utah.edu/common/home/kapheim-group2/Sief/Iguana16-21_research/data_for_analysis/2016-erin/2016_rawseqs/F99T5_S128_L001_R2_001.fastq.gz
G1	/uufs/chpc.utah.edu/common/home/kapheim-group2/Sief/Iguana16-21_research/data_for_analysis/2016-erin/2016_rawseqs/G1_S110_L001_R1_001.fastq.gz	/uufs/chpc.utah.edu/common/home/kapheim-group2/Sief/Iguana16-21_research/data_for_analysis/2016-erin/2016_rawseqs/G1_S110_L001_R2_001.fastq.gz
G3	/uufs/chpc.utah.edu/common/home/kapheim-group2/Sief/Iguana16-21_research/data_for_analysis/2016-erin/2016_rawseqs/G3_S111_L001_R1_001.fastq.gz	/uufs/chpc.utah.edu/common/home/kapheim-group2/Sief/Iguana16-21_research/data_for_analysis/2016-erin/2016_rawseqs/G3_S111_L001_R2_001.fastq.gz
G4	/uufs/chpc.utah.edu/common/home/kapheim-group2/Sief/Iguana16-21_research/data_for_analysis/2016-erin/2016_rawseqs/G4_S112_L001_R1_001.fastq.gz	/uufs/chpc.utah.edu/common/home/kapheim-group2/Sief/Iguana16-21_research/data_for_analysis/2016-erin/2016_rawseqs/G4_S112_L001_R2_001.fastq.gz
G5	/uufs/chpc.utah.edu/common/home/kapheim-group2/Sief/Iguana16-21_research/data_for_analysis/2016-erin/2016_rawseqs/G5_S107_L001_R1_001.fastq.gz	/uufs/chpc.utah.edu/common/home/kapheim-group2/Sief/Iguana16-21_research/data_for_analysis/2016-erin/2016_rawseqs/G5_S107_L001_R2_001.fastq.gz
L12	/uufs/chpc.utah.edu/common/home/kapheim-group2/Sief/Iguana16-21_research/data_for_analysis/2016-erin/2016_rawseqs/L12_S141_L001_R1_001.fastq.gz	/uufs/chpc.utah.edu/common/home/kapheim-group2/Sief/Iguana16-21_research/data_for_analysis/2016-erin/2016_rawseqs/L12_S141_L001_R2_001.fastq.gz
L15	/uufs/chpc.utah.edu/common/home/kapheim-group2/Sief/Iguana16-21_research/data_for_analysis/2016-erin/2016_rawseqs/L15_S142_L001_R1_001.fastq.gz	/uufs/chpc.utah.edu/common/home/kapheim-group2/Sief/Iguana16-21_research/data_for_analysis/2016-erin/2016_rawseqs/L15_S142_L001_R2_001.fastq.gz
L16	/uufs/chpc.utah.edu/common/home/kapheim-group2/Sief/Iguana16-21_research/data_for_analysis/2016-erin/2016_rawseqs/L16_S143_L001_R1_001.fastq.gz	/uufs/chpc.utah.edu/common/home/kapheim-group2/Sief/Iguana16-21_research/data_for_analysis/2016-erin/2016_rawseqs/L16_S143_L001_R2_001.fastq.gz
L17	/uufs/chpc.utah.edu/common/home/kapheim-group2/Sief/Iguana16-21_research/data_for_analysis/2016-erin/2016_rawseqs/L17_S144_L001_R1_001.fastq.gz	/uufs/chpc.utah.edu/common/home/kapheim-group2/Sief/Iguana16-21_research/data_for_analysis/2016-erin/2016_rawseqs/L17_S144_L001_R2_001.fastq.gz
L19	/uufs/chpc.utah.edu/common/home/kapheim-group2/Sief/Iguana16-21_research/data_for_analysis/2016-erin/2016_rawseqs/L19_S145_L001_R1_001.fastq.gz	/uufs/chpc.utah.edu/common/home/kapheim-group2/Sief/Iguana16-21_research/data_for_analysis/2016-erin/2016_rawseqs/L19_S145_L001_R2_001.fastq.gz
L20	/uufs/chpc.utah.edu/common/home/kapheim-group2/Sief/Iguana16-21_research/data_for_analysis/2016-erin/2016_rawseqs/L20_S146_L001_R1_001.fastq.gz	/uufs/chpc.utah.edu/common/home/kapheim-group2/Sief/Iguana16-21_research/data_for_analysis/2016-erin/2016_rawseqs/L20_S146_L001_R2_001.fastq.gz
L22	/uufs/chpc.utah.edu/common/home/kapheim-group2/Sief/Iguana16-21_research/data_for_analysis/2016-erin/2016_rawseqs/L22_S147_L001_R1_001.fastq.gz	/uufs/chpc.utah.edu/common/home/kapheim-group2/Sief/Iguana16-21_research/data_for_analysis/2016-erin/2016_rawseqs/L22_S147_L001_R2_001.fastq.gz
L23	/uufs/chpc.utah.edu/common/home/kapheim-group2/Sief/Iguana16-21_research/data_for_analysis/2016-erin/2016_rawseqs/L23_S148_L001_R1_001.fastq.gz	/uufs/chpc.utah.edu/common/home/kapheim-group2/Sief/Iguana16-21_research/data_for_analysis/2016-erin/2016_rawseqs/L23_S148_L001_R2_001.fastq.gz
L24	/uufs/chpc.utah.edu/common/home/kapheim-group2/Sief/Iguana16-21_research/data_for_analysis/2016-erin/2016_rawseqs/L24_S149_L001_R1_001.fastq.gz	/uufs/chpc.utah.edu/common/home/kapheim-group2/Sief/Iguana16-21_research/data_for_analysis/2016-erin/2016_rawseqs/L24_S149_L001_R2_001.fastq.gz
L25	/uufs/chpc.utah.edu/common/home/kapheim-group2/Sief/Iguana16-21_research/data_for_analysis/2016-erin/2016_rawseqs/L25_S150_L001_R1_001.fastq.gz	/uufs/chpc.utah.edu/common/home/kapheim-group2/Sief/Iguana16-21_research/data_for_analysis/2016-erin/2016_rawseqs/L25_S150_L001_R2_001.fastq.gz
L26	/uufs/chpc.utah.edu/common/home/kapheim-group2/Sief/Iguana16-21_research/data_for_analysis/2016-erin/2016_rawseqs/L26_S151_L001_R1_001.fastq.gz	/uufs/chpc.utah.edu/common/home/kapheim-group2/Sief/Iguana16-21_research/data_for_analysis/2016-erin/2016_rawseqs/L26_S151_L001_R2_001.fastq.gz
L27	/uufs/chpc.utah.edu/common/home/kapheim-group2/Sief/Iguana16-21_research/data_for_analysis/2016-erin/2016_rawseqs/L27_S152_L001_R1_001.fastq.gz	/uufs/chpc.utah.edu/common/home/kapheim-group2/Sief/Iguana16-21_research/data_for_analysis/2016-erin/2016_rawseqs/L27_S152_L001_R2_001.fastq.gz
L28	/uufs/chpc.utah.edu/common/home/kapheim-group2/Sief/Iguana16-21_research/data_for_analysis/2016-erin/2016_rawseqs/L28_S153_L001_R1_001.fastq.gz	/uufs/chpc.utah.edu/common/home/kapheim-group2/Sief/Iguana16-21_research/data_for_analysis/2016-erin/2016_rawseqs/L28_S153_L001_R2_001.fastq.gz
L34	/uufs/chpc.utah.edu/common/home/kapheim-group2/Sief/Iguana16-21_research/data_for_analysis/2016-erin/2016_rawseqs/L34_S154_L001_R1_001.fastq.gz	/uufs/chpc.utah.edu/common/home/kapheim-group2/Sief/Iguana16-21_research/data_for_analysis/2016-erin/2016_rawseqs/L34_S154_L001_R2_001.fastq.gz
L3	/uufs/chpc.utah.edu/common/home/kapheim-group2/Sief/Iguana16-21_research/data_for_analysis/2016-erin/2016_rawseqs/L3_S136_L001_R1_001.fastq.gz	/uufs/chpc.utah.edu/common/home/kapheim-group2/Sief/Iguana16-21_research/data_for_analysis/2016-erin/2016_rawseqs/L3_S136_L001_R2_001.fastq.gz
L5	/uufs/chpc.utah.edu/common/home/kapheim-group2/Sief/Iguana16-21_research/data_for_analysis/2016-erin/2016_rawseqs/L5_S137_L001_R1_001.fastq.gz	/uufs/chpc.utah.edu/common/home/kapheim-group2/Sief/Iguana16-21_research/data_for_analysis/2016-erin/2016_rawseqs/L5_S137_L001_R2_001.fastq.gz
L6	/uufs/chpc.utah.edu/common/home/kapheim-group2/Sief/Iguana16-21_research/data_for_analysis/2016-erin/2016_rawseqs/L6_S138_L001_R1_001.fastq.gz	/uufs/chpc.utah.edu/common/home/kapheim-group2/Sief/Iguana16-21_research/data_for_analysis/2016-erin/2016_rawseqs/L6_S138_L001_R2_001.fastq.gz
L7	/uufs/chpc.utah.edu/common/home/kapheim-group2/Sief/Iguana16-21_research/data_for_analysis/2016-erin/2016_rawseqs/L7_S139_L001_R1_001.fastq.gz	/uufs/chpc.utah.edu/common/home/kapheim-group2/Sief/Iguana16-21_research/data_for_analysis/2016-erin/2016_rawseqs/L7_S139_L001_R2_001.fastq.gz
L9	/uufs/chpc.utah.edu/common/home/kapheim-group2/Sief/Iguana16-21_research/data_for_analysis/2016-erin/2016_rawseqs/L9_S140_L001_R1_001.fastq.gz	/uufs/chpc.utah.edu/common/home/kapheim-group2/Sief/Iguana16-21_research/data_for_analysis/2016-erin/2016_rawseqs/L9_S140_L001_R2_001.fastq.gz
NTC1	/uufs/chpc.utah.edu/common/home/kapheim-group2/Sief/Iguana16-21_research/data_for_analysis/2016-erin/2016_rawseqs/NTC1_S93_L001_R1_001.fastq.gz	/uufs/chpc.utah.edu/common/home/kapheim-group2/Sief/Iguana16-21_research/data_for_analysis/2016-erin/2016_rawseqs/NTC1_S93_L001_R2_001.fastq.gz
NTC2	/uufs/chpc.utah.edu/common/home/kapheim-group2/Sief/Iguana16-21_research/data_for_analysis/2016-erin/2016_rawseqs/NTC2_S189_L001_R1_001.fastq.gz	/uufs/chpc.utah.edu/common/home/kapheim-group2/Sief/Iguana16-21_research/data_for_analysis/2016-erin/2016_rawseqs/NTC2_S189_L001_R2_001.fastq.gz
NTC3	/uufs/chpc.utah.edu/common/home/kapheim-group2/Sief/Iguana16-21_research/data_for_analysis/2016-erin/2016_rawseqs/NTC3_S241_L001_R1_001.fastq.gz	/uufs/chpc.utah.edu/common/home/kapheim-group2/Sief/Iguana16-21_research/data_for_analysis/2016-erin/2016_rawseqs/NTC3_S241_L001_R2_001.fastq.gz
NTC4	/uufs/chpc.utah.edu/common/home/kapheim-group2/Sief/Iguana16-21_research/data_for_analysis/2016-erin/2016_rawseqs/NTC4_S256_L001_R1_001.fastq.gz	/uufs/chpc.utah.edu/common/home/kapheim-group2/Sief/Iguana16-21_research/data_for_analysis/2016-erin/2016_rawseqs/NTC4_S256_L001_R2_001.fastq.gz
S137	/uufs/chpc.utah.edu/common/home/kapheim-group2/Sief/Iguana16-21_research/data_for_analysis/2016-erin/2016_rawseqs/S137_S72_L001_R1_001.fastq.gz	/uufs/chpc.utah.edu/common/home/kapheim-group2/Sief/Iguana16-21_research/data_for_analysis/2016-erin/2016_rawseqs/S137_S72_L001_R2_001.fastq.gz
S138	/uufs/chpc.utah.edu/common/home/kapheim-group2/Sief/Iguana16-21_research/data_for_analysis/2016-erin/2016_rawseqs/S138_S61_L001_R1_001.fastq.gz	/uufs/chpc.utah.edu/common/home/kapheim-group2/Sief/Iguana16-21_research/data_for_analysis/2016-erin/2016_rawseqs/S138_S61_L001_R2_001.fastq.gz
S139	/uufs/chpc.utah.edu/common/home/kapheim-group2/Sief/Iguana16-21_research/data_for_analysis/2016-erin/2016_rawseqs/S139_S73_L001_R1_001.fastq.gz	/uufs/chpc.utah.edu/common/home/kapheim-group2/Sief/Iguana16-21_research/data_for_analysis/2016-erin/2016_rawseqs/S139_S73_L001_R2_001.fastq.gz
S140	/uufs/chpc.utah.edu/common/home/kapheim-group2/Sief/Iguana16-21_research/data_for_analysis/2016-erin/2016_rawseqs/S140_S74_L001_R1_001.fastq.gz	/uufs/chpc.utah.edu/common/home/kapheim-group2/Sief/Iguana16-21_research/data_for_analysis/2016-erin/2016_rawseqs/S140_S74_L001_R2_001.fastq.gz
STD	/uufs/chpc.utah.edu/common/home/kapheim-group2/Sief/Iguana16-21_research/data_for_analysis/2016-erin/2016_rawseqs/STD_S255_L001_R1_001.fastq.gz	/uufs/chpc.utah.edu/common/home/kapheim-group2/Sief/Iguana16-21_research/data_for_analysis/2016-erin/2016_rawseqs/STD_S255_L001_R2_001.fastq.gz
